{
	"name":"nitrite",
	"datasets":[
		{
			"cons":62,
			"data":[
				["Aod308", 31984, 10, 6, 0.986, -0.009999],
				["Aod314", 31990, 10, 7, 0.986, 0.0551],
				["Aod320", 31996, 10, 8.5, 0.986, 0.1102],
				["Aod344", 32020, 28, 6, 0.986, 0.383],
				["Aod350", 32026, 28, 7, 0.986, 0.9902],
				["Aod356", 32032, 28, 8.5, 0.986, 0.7788],
				["Aod380", 32056, 37, 6, 0.986, 0.132],
				["Aod386", 32062, 37, 7, 0.986, 0.6863],
				["Aod392", 32068, 37, 8.5, 0.986, 1.05],
				["Aod416", 32092, 4, 6, 0.986, -0.009999],
				["Aod422", 32098, 4, 7, 0.986, -0.009999],
				["Aod428", 32104, 4, 8.5, 0.986, -0.009999],
				["Aod596", 32272, 10, 6, 0.986, 0.05677],
				["Aod602", 32278, 10, 7, 0.986, 0.1686],
				["Aod608", 32284, 10, 8.5, 0.986, 0.1303],
				["Aod632", 32308, 28, 6, 0.986, 0.2153],
				["Aod638", 32314, 28, 7, 0.986, 0.9902],
				["Aod644", 32320, 28, 8.5, 0.986, 1.155],
				["Aod668", 32344, 37, 6, 0.986, -0.009999],
				["Aod674", 32350, 37, 7, 0.986, 0.3483],
				["Aod680", 32356, 37, 8.5, 0.986, 0.9002],
				["Aod704", 32380, 4, 6, 0.986, -0.009999],
				["Aod710", 32386, 4, 7, 0.986, 0.03005],
				["Aod716", 32392, 4, 8.5, 0.986, -0.009999],
				["Aod1460", 32992, 10, 6, 0.986, 0.07343],
				["Aod1466", 32998, 10, 7, 0.986, 0.152],
				["Aod1472", 33004, 10, 8.5, 0.986, 0.1336],
				["Aod1496", 33028, 28, 6, 0.986, 0.478],
				["Aod1502", 33034, 28, 7, 0.986, 1.333],
				["Aod1508", 33040, 28, 8.5, 0.986, 1.333],
				["Aod1532", 33064, 37, 6, 0.986, 0.3466],
				["Aod1538", 33070, 37, 7, 0.986, 0.6931],
				["Aod1544", 33076, 37, 8.5, 0.986, 0.8557],
				["Aod1568", 33100, 4, 6, 0.986, -0.009999],
				["Aod1574", 33106, 4, 7, 0.986, 0.05311],
				["Aod1580", 33112, 4, 8.5, 0.986, 0.06843]
			]
		},
		{
			"cons":125,
			"data":[
				["Aod309", 31985, 10, 6, 0.986, -0.009999],
				["Aod315", 31991, 10, 7, 0.986, 0.04507],
				["Aod321", 31997, 10, 8.5, 0.986, 0.09681],
				["Aod345", 32021, 28, 6, 0.986, 0.2288],
				["Aod351", 32027, 28, 7, 0.986, 0.4126],
				["Aod357", 32033, 28, 8.5, 0.986, 0.6359],
				["Aod381", 32057, 37, 6, 0.986, 0.1386],
				["Aod387", 32063, 37, 7, 0.986, 0.673],
				["Aod393", 32069, 37, 8.5, 0.986, 0.9002],
				["Aod417", 32093, 4, 6, 0.986, -0.009999],
				["Aod423", 32099, 4, 7, 0.986, -0.009999],
				["Aod429", 32105, 4, 8.5, 0.986, -0.009999],
				["Aod597", 32273, 10, 6, 0.986, -0.009999],
				["Aod603", 32279, 10, 7, 0.986, 0.1136],
				["Aod609", 32285, 10, 8.5, 0.986, 0.162],
				["Aod633", 32309, 28, 6, 0.986, 0.2258],
				["Aod639", 32315, 28, 7, 0.986, 0.9627],
				["Aod645", 32321, 28, 8.5, 0.986, 1.136],
				["Aod669", 32345, 37, 6, 0.986, -0.009999],
				["Aod675", 32351, 37, 7, 0.986, 0.2258],
				["Aod681", 32357, 37, 8.5, 0.986, 1.195],
				["Aod705", 32381, 4, 6, 0.986, -0.009999],
				["Aod711", 32387, 4, 7, 0.986, -0.009999],
				["Aod717", 32393, 4, 8.5, 0.986, -0.009999],
				["Aod1461", 32993, 10, 6, 0.986, -0.009999],
				["Aod1467", 32999, 10, 7, 0.986, 0.1203],
				["Aod1473", 33005, 10, 8.5, 0.986, 0.1303],
				["Aod1497", 33029, 28, 6, 0.986, 2.596],
				["Aod1503", 33035, 28, 7, 0.986, 1.333],
				["Aod1509", 33041, 28, 8.5, 0.986, 1.333],
				["Aod1533", 33065, 37, 6, 0.986, 0.03005],
				["Aod1539", 33071, 37, 7, 0.986, 0.7702],
				["Aod1545", 33077, 37, 8.5, 0.986, 1.05],
				["Aod1569", 33101, 4, 6, 0.986, -0.009999],
				["Aod1575", 33107, 4, 7, 0.986, 0.04674],
				["Aod1581", 33113, 4, 8.5, 0.986, 0.0785]
			]
		},
		{
			"cons":250,
			"data":[
				["Aod310", 31986, 10, 6, 0.986, -0.009999],
				["Aod316", 31992, 10, 7, 0.986, 0.0434],
				["Aod322", 31998, 10, 8.5, 0.986, 0.08184],
				["Aod346", 32022, 28, 6, 0.986, -0.009999],
				["Aod352", 32028, 28, 7, 0.986, 0.3809],
				["Aod358", 32034, 28, 8.5, 0.986, 0.403],
				["Aod382", 32058, 37, 6, 0.986, -0.009999],
				["Aod388", 32064, 37, 7, 0.986, 0.608],
				["Aod394", 32070, 37, 8.5, 0.986, 0.8453],
				["Aod418", 32094, 4, 6, 0.986, -0.009999],
				["Aod424", 32100, 4, 7, 0.986, -0.009999],
				["Aod430", 32106, 4, 8.5, 0.986, -0.009999],
				["Aod598", 32274, 10, 6, 0.986, -0.009999],
				["Aod604", 32280, 10, 7, 0.986, 0.09014],
				["Aod610", 32286, 10, 8.5, 0.986, 0.1403],
				["Aod634", 32310, 28, 6, 0.986, -0.009999],
				["Aod640", 32316, 28, 7, 0.986, 0.7617],
				["Aod646", 32322, 28, 8.5, 0.986, 0.6301],
				["Aod670", 32346, 37, 6, 0.986, -0.009999],
				["Aod676", 32352, 37, 7, 0.986, 0.2596],
				["Aod682", 32358, 37, 8.5, 0.986, 0.5924],
				["Aod706", 32382, 4, 6, 0.986, -0.009999],
				["Aod712", 32388, 4, 7, 0.986, -0.009999],
				["Aod718", 32394, 4, 8.5, 0.986, -0.009999],
				["Aod1462", 32994, 10, 6, 0.986, -0.009999],
				["Aod1468", 33000, 10, 7, 0.986, 0.08515],
				["Aod1474", 33006, 10, 8.5, 0.986, 0.122],
				["Aod1498", 33030, 28, 6, 0.986, -0.009999],
				["Aod1504", 33036, 28, 7, 0.986, 1.05],
				["Aod1510", 33042, 28, 8.5, 0.986, 1.284],
				["Aod1534", 33066, 37, 6, 0.986, -0.009999],
				["Aod1540", 33072, 37, 7, 0.986, 0.4151],
				["Aod1546", 33078, 37, 8.5, 0.986, 0.5251],
				["Aod1570", 33102, 4, 6, 0.986, -0.009999],
				["Aod1576", 33108, 4, 7, 0.986, 0.03339],
				["Aod1582", 33114, 4, 8.5, 0.986, 0.06178]
			]
		},
		{
			"cons":500,
			"data":[
				["Aod311", 31987, 10, 6, 0.986, -0.009999],
				["Aod317", 31993, 10, 7, 0.986, 0.02169],
				["Aod323", 31999, 10, 8.5, 0.986, 0.06508],
				["Aod347", 32023, 28, 6, 0.986, -0.009999],
				["Aod353", 32029, 28, 7, 0.986, 0.361],
				["Aod359", 32035, 28, 8.5, 0.986, -0.009999],
				["Aod383", 32059, 37, 6, 0.986, -0.009999],
				["Aod389", 32065, 37, 7, 0.986, 0.456],
				["Aod395", 32071, 37, 8.5, 0.986, 0.806],
				["Aod419", 32095, 4, 6, 0.986, -0.009999],
				["Aod425", 32101, 4, 7, 0.986, -0.009999],
				["Aod431", 32107, 4, 8.5, 0.986, 0.03506],
				["Aod599", 32275, 10, 6, 0.986, -0.009999],
				["Aod605", 32281, 10, 7, 0.986, 0.06342],
				["Aod611", 32287, 10, 8.5, 0.986, 0.1153],
				["Aod635", 32311, 28, 6, 0.986, -0.009999],
				["Aod641", 32317, 28, 7, 0.986, 0.4077],
				["Aod647", 32323, 28, 8.5, 0.986, 0.5825],
				["Aod671", 32347, 37, 6, 0.986, -0.009999],
				["Aod677", 32353, 37, 7, 0.986, 0.2539],
				["Aod683", 32359, 37, 8.5, 0.986, 0.6863],
				["Aod707", 32383, 4, 6, 0.986, -0.009999],
				["Aod713", 32389, 4, 7, 0.986, -0.009999],
				["Aod719", 32395, 4, 8.5, 0.986, 0.02003],
				["Aod1463", 32995, 10, 6, 0.986, -0.009999],
				["Aod1469", 33001, 10, 7, 0.986, 0.06342],
				["Aod1475", 33007, 10, 8.5, 0.986, 0.0785],
				["Aod1499", 33031, 28, 6, 0.986, -0.009999],
				["Aod1505", 33037, 28, 7, 0.986, 0.7001],
				["Aod1511", 33043, 28, 8.5, 0.986, 1.083],
				["Aod1535", 33067, 37, 6, 0.986, -0.009999],
				["Aod1541", 33073, 37, 7, 0.986, 0.3054],
				["Aod1547", 33079, 37, 8.5, 0.986, 0.5173],
				["Aod1571", 33103, 4, 6, 0.986, -0.009999],
				["Aod1577", 33109, 4, 7, 0.986, -0.009999],
				["Aod1583", 33115, 4, 8.5, 0.986, 0.07183]
			]
		},
		{
			"cons":1000,