{
	"name":"nitrite",
	"datasets":[
		{
			"cons":100,
			"data":[
				["AH0200A", 27061, 19, 7.3, 0.986, 0.309],
				["AH0200B", 27062, 19, 7.3, 0.986, 0.2837],
				["AH0200C", 27063, 19, 7.3, 0.986, 0.2185],
				["AH1200A", 27075, 5, 6.3, 0.986, 0.01044],
				["AH1200B", 27076, 5, 6.3, 0.986, 0.01783],
				["AH1200C", 27077, 5, 6.3, 0.986, 0.01207],
				["AH18A", 27087, 19, 6.3, 0.986, 0.1141],
				["AH18B", 27088, 19, 6.3, 0.986, 0.128],
				["AH18C", 27089, 19, 6.3, 0.986, 0.1734],
				["AH20A", 27093, 19, 6.3, 0.997, 0.3221],
				["AH20B", 27094, 19, 6.3, 0.997, 0.3143],
				["AH20C", 27095, 19, 6.3, 0.997, 0.3237],
				["AH3001A", 27111, 19, 5.8, 0.986, 0.2154],
				["AH3001B", 27112, 19, 5.8, 0.986, 0.1683],
				["AH3001C", 27113, 19, 5.8, 0.986, 0.1641],
				["AH5900A", 27166, 5, 6.3, 0.997, 0.1792],
				["AH6200A", 27169, 5, 6.3, 0.992, 0.04637],
				["AH6300A", 27170, 37, 7.3, 0.997, 1.051],
				["AH7000A", 27174, 12, 7.3, 0.986, 0.171],
				["AH7400A", 27181, 12, 7.3, 0.98, 0.2071],
				["AN0200A", 27258, 19, 7.3, 0.986, 0.749],
				["AN0200B", 27259, 19, 7.3, 0.986, 0.7207],
				["AN0200C", 27260, 19, 7.3, 0.986, 0.7516],
				["AN1200A", 27278, 12, 6.3, 0.986, 0.03028],
				["AN1200B", 27279, 12, 6.3, 0.986, 0.03855],
				["AN1200C", 27280, 12, 6.3, 0.986, 0.0501],
				["AN1800A", 27290, 19, 6.3, 0.986, 0.198],
				["AN1800B", 27291, 19, 6.3, 0.986, 0.2281],
				["AN1800C", 27292, 19, 6.3, 0.986, 0.2037],
				["AN2000A", 27296, 19, 6.3, 0.997, 0.3272],
				["AN2000B", 27297, 19, 6.3, 0.997, 0.2337],
				["AN2000C", 27298, 19, 6.3, 0.997, 0.5404],
				["AN5900A", 27347, 5, 6.3, 0.997, 0.04138],
				["AN6200A", 27350, 5, 6.3, 0.992, 0.08649],
				["AN6300A", 27351, 37, 7.3, 0.997, 0.8867],
				["AN7000A", 27355, 12, 7.3, 0.986, 0.1545],
				["AN7400A", 27359, 12, 7.3, 0.98, 0.1207]
			]
		},
		{
			"cons":50,
			"data":[
				["AH0400A", 27064, 12, 6.8, 0.98, 0.1369],
				["AH0400B", 27065, 12, 6.8, 0.98, 0.1285],
				["AH0400C", 27066, 12, 6.8, 0.98, 0.1323],
				["AH1000A", 27067, 12, 5.8, 0.98, 0.02915],
				["AH1000B", 27068, 12, 5.8, 0.98, 0.03035],
				["AH11A", 27072, 28, 6.8, 0.98, 1.238],
				["AH11B", 27073, 28, 6.8, 0.98, 1.049],
				["AH11C", 27074, 28, 6.8, 0.98, 1.834],
				["AH14A", 27078, 28, 6.8, 0.992, 0.5132],
				["AH14B", 27079, 28, 6.8, 0.992, 1.642],
				["AH14C", 27080, 28, 6.8, 0.992, 1.929],
				["AH2100A", 27096, 28, 5.8, 0.992, 0.5351],
				["AH2100B", 27097, 28, 5.8, 0.992, 0.4826],
				["AH2100C", 27098, 28, 5.8, 0.992, 0.6988],
				["AH23A", 27102, 12, 5.8, 0.992, 0.1082],
				["AH23B", 27103, 12, 5.8, 0.992, 0.1092],
				["AH23C", 27104, 12, 5.8, 0.992, 0.1185],
				["AH32A", 27120, 28, 6.8, 0.992, 1.604],
				["AH32B", 27121, 28, 6.8, 0.992, 0.7094],
				["AH32C", 27122, 28, 6.8, 0.992, 1.435],
				["AH33A", 27123, 12, 6.8, 0.992, 0.3378],
				["AH33B", 27124, 12, 6.8, 0.992, 0.3173],
				["AH33C", 27125, 12, 6.8, 0.992, 0.312],
				["AH6100A", 27168, 5, 6.3, 0.992, 0.1728],
				["AH6900A", 27173, 12, 7.3, 0.986, 0.1818],
				["AH7300A", 27180, 12, 7.3, 0.98, 0.3069],
				["AH900A", 27186, 12, 6.8, 0.992, 0.2957],
				["AH900B", 27187, 12, 6.8, 0.992, 0.3092],
				["AH900C", 27188, 12, 6.8, 0.992, 0.318],
				["AN0400A", 27261, 12, 6.8, 0.98, 0.04879],
				["AN0400B", 27262, 12, 6.8, 0.98, 0.04824],
				["AN0400C", 27263, 12, 6.8, 0.98, 0.06309],
				["AN0900A", 27270, 12, 6.8, 0.992, 0.2074],
				["AN0900B", 27271, 12, 6.8, 0.992, 0.2067],
				["AN0900C", 27272, 12, 6.8, 0.992, 0.2034],
				["AN1100A", 27275, 28, 6.8, 0.98, 1.358],
				["AN1100B", 27276, 28, 6.8, 0.98, 1.156],
				["AN1100C", 27277, 28, 6.8, 0.98, 0.545],
				["AN1401A", 27281, 28, 6.8, 0.992, 0.8812],
				["AN1401B", 27282, 28, 6.8, 0.992, 0.6162],
				["AN1401C", 27283, 28, 6.8, 0.992, 0.6003],
				["AN2100A", 27299, 28, 5.8, 0.992, 1.114],
				["AN2100B", 27300, 28, 5.8, 0.992, 0.3663],
				["AN2100C", 27301, 28, 5.8, 0.992, 0.6654],
				["AN2300A", 27302, 12, 5.8, 0.992, 0.1223],
				["AN2300B", 27303, 12, 5.8, 0.992, 0.1279],
				["AN2300C", 27304, 12, 5.8, 0.992, 0.2195],
				["AN3200A", 27314, 28, 6.8, 0.992, 0.6053],
				["AN3200B", 27315, 28, 6.8, 0.992, 0.5669],
				["AN3200C", 27316, 28, 6.8, 0.992, 0.5496],
				["AN3300A", 27317, 12, 6.8, 0.992, 0.157],
				["AN3300B", 27318, 12, 6.8, 0.992, 0.1996],
				["AN3300C", 27319, 12, 6.8, 0.992, 0.1991],
				["AN5800A", 27346, 5, 6.3, 0.997, 0.07628],
				["AN6100A", 27349, 5, 6.3, 0.992, 0.08805],
				["AN6900A", 27354, 12, 7.3, 0.986, 0.274],
				["AN7300A", 27358, 12, 7.3, 0.98, 0.1205],
				["AN9500A", 27374, 37, 6.3, 0.997, 0.5185]
			]
		},
		{
			"cons":150,
			"data":[
				["AH10A", 27069, 28, 6.8, 0.992, 0.8515],
				["AH10B", 27070, 28, 6.8, 0.992, 0.9632],
				["AH10C", 27071, 28, 6.8, 0.992, 1.015],
				["AH15A", 27081, 28, 6.8, 0.98, 0.8858],
				["AH15B", 27082, 28, 6.8, 0.98, 1.083],
				["AH15C", 27083, 28, 6.8, 0.98, 0.9756],
				["AH16A", 27084, 12, 6.8, 0.98, 0.08549],
				["AH16B", 27085, 12, 6.8, 0.98, 0.09312],
				["AH16C", 27086, 12, 6.8, 0.98, 0.1079],
				["AH2200A", 27099, 28, 5.8, 0.992, 0.1488],
				["AH2200B", 27100, 28, 5.8, 0.992, 0.1494],
				["AH2200C", 27101, 28, 5.8, 0.992, 0.1131],
				["AH24A", 27105, 28, 5.8, 0.98, 0.568],
				["AH24B", 27106, 28, 5.8, 0.98, 0.1896],
				["AH24C", 27107, 28, 5.8, 0.98, 0.1556],
				["AH3030A", 27114, 12, 5.8, 0.992, 0.03719],
				["AH3030B", 27115, 12, 5.8, 0.992, 0.07285],
				["AH3030C", 27116, 12, 5.8, 0.992, 0.05413],
				["AH31A", 27117, 28, 6.8, 0.98, 0.1776],
				["AH31B", 27118, 28, 6.8, 0.98, 0.1828],
				["AH31C", 27119, 28, 6.8, 0.98, 0.2035],
				["AH500A", 27158, 12, 6.8, 0.992, 0.2283],
				["AH500B", 27159, 12, 6.8, 0.992, 0.214],
				["AH500C", 27160, 12, 6.8, 0.992, 0.2931],
				["AN0500A", 27264, 12, 6.8, 0.992, 0.1987],
				["AN0500B", 27265, 12, 6.8, 0.992, 0.1897],
				["AN0500C", 27266, 12, 6.8, 0.992, 0.1815],
				["AN1000A", 27273, 28, 6.8, 0.992, 0.5936],
				["AN1000C", 27274, 28, 6.8, 0.992, 0.5204],
				["AN1500A", 27284, 28, 6.8, 0.98, 0.5858],
				["AN1500B", 27285, 28, 6.8, 0.98, 0.7585],
				["AN1500C", 27286, 28, 6.8, 0.98, 0.5922],
				["AN1600A", 27287, 12, 6.8, 0.98, 0.06938],
				["AN1600B", 27288, 12, 6.8, 0.98, 0.06473],
				["AN1600C", 27289, 12, 6.8, 0.98, 0.06866],
				["AN2400A", 27305, 28, 5.8, 0.98, 0.5436],
				["AN2400B", 27306, 28, 5.8, 0.98, 0.3887],
				["AN2400C", 27307, 28, 5.8, 0.98, 0.5526],
				["AN3100A", 27311, 28, 6.8, 0.98, 0.8147],
				["AN3100B", 27312, 28, 6.8, 0.98, 0.6505],
				["AN3100C", 27313, 28, 6.8, 0.98, 0.8269]
			]
		},
		{
			"cons":200,
			"data":[
				["AH6400A", 27171, 37, 7.3, 0.997, 1.07],
				["AH700A", 27175, 19, 6.3, 0.986, 0.1106],
				["AH700B", 27176, 19, 6.3, 0.986, 0.127],
				["AH700C", 27177, 19, 6.3, 0.986, 0.08759],
				["AH7100A", 27178, 12, 7.3, 0.986, 0.1793],
				["AH7500A", 27182, 12, 7.3, 0.98, 0.1872],
				["AH8000A", 27183, 5, 6.3, 0.997, 0.09408],
				["AH8000B", 27184, 5, 6.3, 0.997, 0.08402],
				["AH8000C", 27185, 5, 6.3, 0.997, 0.1754],
				["AN0700A", 27267, 19, 6.3, 0.986, 0.3726],
				["AN0700B", 27268, 19, 6.3, 0.986, 0.333],
				["AN0700C", 27269, 19, 6.3, 0.986, 0.3624],
				["AN6400A", 27352, 37, 7.3, 0.997, 0.6899],
				["AN7100A", 27356, 12, 7.3, 0.986, 0.1473],
				["AN7500A", 27360, 12, 7.3, 0.98, 0.1135],
				["AN8000A", 27361, 5, 6.3, 0.997, 0.04373],
				["AN8200A", 27362, 5, 7.3, 0.997, 0.1752],
				["AN8400A", 27363, 12, 7.3, 0.997, 0.4435],
				["AN8500A", 27364, 19, 7.3, 0.997, 0.612],
				["AN8800A", 27367, 28, 7.3, 0.997, 1.516],
				["AN9000A", 27369, 28, 7.3, 0.98, 0.8181]
			]
		}	
]
}
