{
	"name":"nitrite",
	"datasets":[
		{
			"cons":250,
			"data":[
				["Aod100", 31679, 37, 7, 0.986, 0.8774],
				["Aod106", 31685, 37, 8.5, 0.986, 0.9627],
				["Aod130", 31712, 4, 6, 0.986, -0.009999],
				["Aod136", 31718, 4, 7, 0.986, -0.009999],
				["Aod142", 31725, 4, 8.5, 0.986, -0.009999],
				["Aod22", 31736, 10, 6, 0.986, -0.009999],
				["Aod28", 31742, 10, 7, 0.986, 0.03673],
				["Aod34", 31749, 10, 8.5, 0.986, 0.1052],
				["Aod58", 31775, 28, 6, 0.986, -0.009999],
				["Aod64", 31782, 28, 7, 0.986, 0.9367],
				["Aod70", 31789, 28, 8.5, 0.986, 0.8453],
				["Aod94", 31815, 37, 6, 0.986, -0.009999],
				["Aod166", 31842, 10, 6, 0.986, -0.009999],
				["Aod172", 31848, 10, 7, 0.986, 0.06678],
				["Aod178", 31854, 10, 8.5, 0.986, 0.05844],
				["Aod202", 31878, 28, 6, 0.986, -0.009999],
				["Aod208", 31884, 28, 7, 0.986, 0.9242],
				["Aod214", 31890, 28, 8.5, 0.986, 0.8887],
				["Aod238", 31914, 37, 6, 0.986, -0.009999],
				["Aod244", 31920, 37, 7, 0.986, 1.155],
				["Aod250", 31926, 37, 8.5, 0.986, 0.6418],
				["Aod274", 31950, 4, 6, 0.986, -0.009999],
				["Aod280", 31956, 4, 7, 0.986, -0.009999],
				["Aod286", 31962, 4, 8.5, 0.986, -0.009999],
				["Aod454", 32130, 10, 6, 0.986, -0.009999],
				["Aod460", 32136, 10, 7, 0.986, 0.03339],
				["Aod466", 32142, 10, 8.5, 0.986, 0.04007],
				["Aod490", 32166, 28, 6, 0.986, 0.172],
				["Aod496", 32172, 28, 7, 0.986, 0.5458],
				["Aod502", 32178, 28, 8.5, 0.986, 0.6189],
				["Aod526", 32202, 37, 6, 0.986, -0.009999],
				["Aod532", 32208, 37, 7, 0.986, 0.318],
				["Aod538", 32214, 37, 8.5, 0.986, 0.3667],
				["Aod562", 32238, 4, 6, 0.986, -0.009999],
				["Aod568", 32244, 4, 7, 0.986, -0.009999],
				["Aod574", 32250, 4, 8.5, 0.986, -0.009999],
				["Aod1174", 32706, 10, 6, 0.986, -0.009999],
				["Aod1180", 32712, 10, 7, 0.986, 0.04007],
				["Aod1186", 32718, 10, 8.5, 0.986, 0.06342],
				["Aod1210", 32742, 28, 6, 0.986, -0.009999],
				["Aod1216", 32748, 28, 7, 0.986, 0.806],
				["Aod1222", 32754, 28, 8.5, 0.986, 0.9763],
				["Aod1246", 32778, 37, 6, 0.986, -0.009999],
				["Aod1252", 32784, 37, 7, 0.986, 1.155],
				["Aod1258", 32790, 37, 8.5, 0.986, 1.083],
				["Aod1282", 32814, 4, 6, 0.986, -0.009999],
				["Aod1288", 32820, 4, 7, 0.986, -0.009999],
				["Aod1294", 32826, 4, 8.5, 0.986, -0.009999]
			]
		},
		{
			"cons":500,
			"data":[
				["Aod101", 31680, 37, 7, 0.986, 0.6301],
				["Aod107", 31686, 37, 8.5, 0.986, 0.9763],
				["Aod131", 31713, 4, 6, 0.986, -0.009999],
				["Aod137", 31719, 4, 7, 0.986, -0.009999],
				["Aod143", 31726, 4, 8.5, 0.986, -0.009999],
				["Aod23", 31737, 10, 6, 0.986, -0.009999],
				["Aod29", 31743, 10, 7, 0.986, -0.009999],
				["Aod35", 31750, 10, 8.5, 0.986, 0.1036],
				["Aod59", 31776, 28, 6, 0.986, -0.009999],
				["Aod65", 31783, 28, 7, 0.986, 0.912],
				["Aod71", 31790, 28, 8.5, 0.986, 0.7001],
				["Aod95", 31816, 37, 6, 0.986, -0.009999],
				["Aod167", 31843, 10, 6, 0.986, -0.009999],
				["Aod173", 31849, 10, 7, 0.986, 0.05373],
				["Aod179", 31855, 10, 8.5, 0.986, 0.05008],
				["Aod203", 31879, 28, 6, 0.986, -0.009999],
				["Aod209", 31885, 28, 7, 0.986, 0.8557],
				["Aod215", 31891, 28, 8.5, 0.986, 0.6134],
				["Aod239", 31915, 37, 6, 0.986, -0.009999],
				["Aod245", 31921, 37, 7, 0.986, 0.4847],
				["Aod251", 31927, 37, 8.5, 0.986, 0.673],
				["Aod275", 31951, 4, 6, 0.986, -0.009999],
				["Aod281", 31957, 4, 7, 0.986, -0.009999],
				["Aod287", 31963, 4, 8.5, 0.986, -0.009999],
				["Aod455", 32131, 10, 6, 0.986, -0.009999],
				["Aod461", 32137, 10, 7, 0.986, -0.009999],
				["Aod467", 32143, 10, 8.5, 0.986, 0.03506],
				["Aod491", 32167, 28, 6, 0.986, -0.009999],
				["Aod497", 32173, 28, 7, 0.986, 0.4279],
				["Aod503", 32179, 28, 8.5, 0.986, 0.3707],
				["Aod527", 32203, 37, 6, 0.986, -0.009999],
				["Aod533", 32209, 37, 7, 0.986, 0.1654],
				["Aod539", 32215, 37, 8.5, 0.986, 0.3483],
				["Aod563", 32239, 4, 6, 0.986, -0.009999],
				["Aod569", 32245, 4, 7, 0.986, -0.009999],
				["Aod575", 32251, 4, 8.5, 0.986, -0.009999],
				["Aod1175", 32707, 10, 6, 0.986, -0.009999],
				["Aod1181", 32713, 10, 7, 0.986, 0.03506],
				["Aod1187", 32719, 10, 8.5, 0.986, 0.0534],
				["Aod1211", 32743, 28, 6, 0.986, -0.009999],
				["Aod1217", 32749, 28, 7, 0.986, 0.5975],
				["Aod1223", 32755, 28, 8.5, 0.986, 0.8252],
				["Aod1247", 32779, 37, 6, 0.986, -0.009999],
				["Aod1253", 32785, 37, 7, 0.986, 0.6478],
				["Aod1259", 32791, 37, 8.5, 0.986, 1.035],
				["Aod1283", 32815, 4, 6, 0.986, -0.009999],
				["Aod1289", 32821, 4, 7, 0.986, -0.009999],
				["Aod1295", 32827, 4, 8.5, 0.986, -0.009999]
			]
		},
		{
			"cons":1000,
			"data":[
				["Aod102", 31681, 37, 7, 0.986, 0.3254],
				["Aod108", 31687, 37, 8.5, 0.986, 0.3961],
				["Aod132", 31714, 4, 6, 0.986, -0.009999],
				["Aod138", 31720, 4, 7, 0.986, -0.009999],
				["Aod144", 31727, 4, 8.5, 0.986, -0.009999],
				["Aod24", 31738, 10, 6, 0.986, -0.009999],
				["Aod30", 31745, 10, 7, 0.986, -0.009999],
				["Aod36", 31751, 10, 8.5, 0.986, 0.02837],
				["Aod60", 31778, 28, 6, 0.986, -0.009999],
				["Aod66", 31784, 28, 7, 0.986, 0.4387],
				["Aod72", 31791, 28, 8.5, 0.986, 0.6601],
				["Aod96", 31817, 37, 6, 0.986, -0.009999],
				["Aod168", 31844, 10, 6, 0.986, -0.009999],
				["Aod174", 31850, 10, 7, 0.986, -0.009999],
				["Aod180", 31856, 10, 8.5, 0.986, 0.02837],
				["Aod204", 31880, 28, 6, 0.986, -0.009999],
				["Aod210", 31886, 28, 7, 0.986, 0.3938],
				["Aod216", 31892, 28, 8.5, 0.986, 0.608],
				["Aod240", 31916, 37, 6, 0.986, -0.009999],
				["Aod246", 31922, 37, 7, 0.986, 0.2187],
				["Aod252", 31928, 37, 8.5, 0.986, 0.4443],
				["Aod276", 31952, 4, 6, 0.986, -0.009999],
				["Aod282", 31958, 4, 7, 0.986, -0.009999],
				["Aod288", 31964, 4, 8.5, 0.986, -0.009999],
				["Aod456", 32132, 10, 6, 0.986, -0.009999],
				["Aod462", 32138, 10, 7, 0.986, -0.009999],
				["Aod468", 32144, 10, 8.5, 0.986, 0.02837],
				["Aod492", 32168, 28, 6, 0.986, -0.009999],
				["Aod498", 32174, 28, 7, 0.986, 0.08852],
				["Aod504", 32180, 28, 8.5, 0.986, 0.212],
				["Aod528", 32204, 37, 6, 0.986, -0.009999],
				["Aod534", 32210, 37, 7, 0.986, -0.009999],
				["Aod540", 32216, 37, 8.5, 0.986, 0.3555],
				["Aod564", 32240, 4, 6, 0.986, -0.009999],
				["Aod570", 32246, 4, 7, 0.986, -0.009999],
				["Aod576", 32252, 4, 8.5, 0.986, -0.009999],
				["Aod1176", 32708, 10, 6, 0.986, -0.009999],
				["Aod1182", 32714, 10, 7, 0.986, -0.009999],
				["Aod1188", 32720, 10, 8.5, 0.986, 0.03506],
				["Aod1212", 32744, 28, 6, 0.986, -0.009999],
				["Aod1218", 32750, 28, 7, 0.986, 0.5874],
				["Aod1224", 32756, 28, 8.5, 0.986, 0.5501],
				["Aod1248", 32780, 37, 6, 0.986, -0.009999],
				["Aod1254", 32786, 37, 7, 0.986, 0.4053],
				["Aod1260", 32792, 37, 8.5, 0.986, 0.7146],
				["Aod1284", 32816, 4, 6, 0.986, -0.009999],
				["Aod1290", 32822, 4, 7, 0.986, -0.009999],
				["Aod1296", 32828, 4, 8.5, 0.986, -0.009999]
			]
		},
		{
			"cons":62,