{
	"name":"acetic_acid",
	"datasets":[
		{
			"cons":1000,
			"data":[
				["B277_100", 11631, 21, 7.8, 0.992, 0.5806],
				["B277_103", 11634, 21, 7.8, 0.992, 0.1631],
				["B277_104", 11635, 21, 7.5, 0.992, 0.5752],
				["B277_105", 11636, 21, 7.2, 0.992, 0.3366],
				["B277_108", 11639, 21, 6.1, 0.992, 0.833],
				["B277_133", 11667, 21, 7.6, 0.992, 1.245],
				["B277_136", 11670, 21, 7.8, 0.992, 1.519],
				["B277_139", 11673, 21, 7.8, 0.992, 1.122],
				["B277_14", 11674, 22, 7, 0.964, 0.5149],
				["B277_140", 11675, 21, 7.7, 0.992, 1.19],
				["B277_141", 11676, 21, 7.7, 0.992, 1.198],
				["B277_144", 11679, 21, 7.6, 0.992, 1.685],
				["B277_15", 11685, 22, 7, 0.964, 0.2544],
				["B277_151", 11687, 21, 7.1, 0.992, 0.7043],
				["B277_154", 11690, 21, 7.3, 0.992, 0.6136],
				["B277_157", 11693, 21, 7.2, 0.992, 0.5522],
				["B277_158", 11694, 21, 5.7, 0.992, 0.8558],
				["B277_159", 11695, 21, 5.6, 0.992, 0.1456],
				["B277_162", 11699, 21, 5.8, 0.992, 0.04663],
				["B277_19", 11706, 21, 6, 0.983, 0.1605],
				["B277_20", 11708, 21, 6, 0.983, 0.1394],
				["B277_24", 11712, 21, 6, 0.983, 0.2108],
				["B277_45", 11735, 21, 7.2, 0.997, 0.9918],
				["B277_46", 11736, 21, 6.3, 0.997, 1.132],
				["B277_7", 11762, 22, 5.5, 0.997, 0.6475],
				["B277_8", 11773, 22, 5.5, 0.997, 1.158],
				["B277_9", 11784, 22, 5.5, 0.997, -0.003148],
				["B277_97", 11792, 21, 7.5, 0.992, 0.5557]
			]
		},
		{
			"cons":500,
			"data":[
				["B277_102", 11633, 21, 7.6, 0.992, 0.1767],
				["B277_107", 11638, 21, 7.4, 0.992, 0.3315],
				["B277_110", 11642, 21, 5.4, 0.992, 0.002912],
				["B277_112", 11644, 21, 5.6, 0.992, 0.09158],
				["B277_113", 11645, 21, 5.9, 0.997, 1.194],
				["B277_116", 11648, 21, 6.5, 0.983, 0.6174],
				["B277_118", 11650, 21, 6.9, 0.983, 0.6235],
				["B277_12", 11652, 22, 7, 0.964, 0.7919],
				["B277_120", 11653, 21, 7.3, 0.974, 0.639],
				["B277_122", 11655, 21, 6.8, 0.974, 0.1512],
				["B277_124", 11657, 21, 9.9, 0.954, 0.8815],
				["B277_126", 11659, 21, 8.1, 0.954, 0.0488],
				["B277_128", 11661, 21, 7.2, 0.964, 2.257],
				["B277_13", 11663, 22, 7, 0.964, 0.8292],
				["B277_130", 11664, 21, 7, 0.964, 0.9449],
				["B277_132", 11666, 21, 7.6, 0.992, 1.338],
				["B277_135", 11669, 21, 7.7, 0.992, 1.216],
				["B277_138", 11672, 21, 7.8, 0.992, 1.071],
				["B277_143", 11678, 21, 7.4, 0.992, 1.089],
				["B277_146", 11681, 21, 6.6, 0.974, 1.009],
				["B277_148", 11683, 21, 6.3, 0.974, 0.1995],
				["B277_150", 11686, 21, 7.3, 0.992, 0.7015],
				["B277_153", 11689, 21, 7.3, 0.992, 0.6225],
				["B277_156", 11692, 21, 7.7, 0.992, 0.5402],
				["B277_161", 11698, 21, 5.7, 0.992, 0.1768],
				["B277_164", 11701, 21, 4.6, 0.974, -0.009999],
				["B277_166", 11703, 21, 4.7, 0.974, 0.001882],
				["B277_18", 11705, 21, 6, 0.983, 0.4913],
				["B277_22", 11710, 21, 6, 0.983, 0.1978],
				["B277_23", 11711, 21, 6, 0.983, 0.2468],
				["B277_26", 11714, 21, 5.2, 0.997, -0.0005222],
				["B277_28", 11716, 21, 5.2, 0.997, -0.0009397],
				["B277_30", 11719, 21, 7.3, 0.992, 0.9871],
				["B277_32", 11721, 21, 7.4, 0.992, 10.1265297875762],
				["B277_34", 11723, 21, 7.2, 0.991, 0.2686],
				["B277_36", 11725, 21, 7.2, 0.991, 0.2563],
				["B277_38", 11727, 21, 6.4, 0.992, 1.056],
				["B277_4", 11729, 22, 5.5, 0.997, 0.317],
				["B277_40", 11730, 21, 6.3, 0.992, 0.5317],
				["B277_42", 11732, 21, 5.8, 0.994, 0.1867],
				["B277_44", 11734, 21, 5.7, 0.994, 0.07075],
				["B277_48", 11738, 21, 7.3, 0.943, -0.009999],
				["B277_5", 11740, 22, 5.5, 0.997, 0.1068],
				["B277_50", 11741, 21, 7.4, 0.943, -0.06232],
				["B277_52", 11743, 21, 7.3, 0.919, 1.61165303667929E-04],
				["B277_54", 11745, 21, 7.1, 0.919, 0.001933],
				["B277_56", 11747, 21, 6.3, 0.943, -0.009999],
				["B277_58", 11749, 21, 6.3, 0.943, -0.009999],
				["B277_6", 11751, 22, 5.5, 0.997, 0.05077],
				["B277_60", 11752, 21, 5.7, 0.964, -0.02875],
				["B277_62", 11754, 21, 5.7, 0.964, -0.0006618],
				["B277_64", 11756, 21, 6.2, 0.964, 0.001512],
				["B277_66", 11758, 21, 6.2, 0.964, -0.0003404],
				["B277_68", 11760, 21, 6.1, 0.983, 0.07111],
				["B277_70", 11763, 21, 6, 0.983, 0.2275],
				["B277_72", 11765, 28, 7.3, 0.943, 0.00165],
				["B277_74", 11767, 28, 7.4, 0.943, -0.001463],
				["B277_76", 11769, 28, 7.5, 0.919, -0.02254],
				["B277_78", 11771, 28, 7.4, 0.919, 0.002641],
				["B277_80", 11774, 28, 6.6, 0.943, -0.0009325],
				["B277_82", 11776, 28, 6.5, 0.943, -0.001257],
				["B277_84", 11778, 28, 6, 0.964, 0.01877],
				["B277_86", 11780, 28, 6, 0.964, -0.0002707],
				["B277_88", 11782, 28, 5.9, 0.964, -0.09671],
				["B277_90", 11785, 28, 6, 0.964, 4.08514373954676E-04],
				["B277_92", 11787, 28, 5.9, 0.983, 0.07715],
				["B277_94", 11789, 28, 5.8, 0.983, 0.9552],
				["B277_96", 11791, 21, 7.7, 0.992, 0.1683],
				["B277_99", 11794, 21, 7.6, 0.992, 0.1673]
			]
		}	
]
}
