{
	"name":"nitrite",
	"datasets":[
		{
			"cons":200,
			"data":[
				["GoBca100", 627, 42, 8.61, 0.989, 1.423],
				["GoBca101", 628, 42, 8.68, 0.997, 1.936],
				["GoBca102", 629, 42, 8.67, 0.997, 2.202],
				["GoBca103", 630, 42, 8.67, 0.995, 2.271],
				["GoBca104", 631, 42, 8.64, 0.995, 2.274],
				["GoBca105", 632, 42, 9, 0.997, 2.517],
				["GoBca106", 633, 42, 9, 0.997, 2.61],
				["GoBca91", 722, 10, 6.5, 0.997, 0.04567],
				["GoBca92", 723, 10, 6.5, 0.997, 0.08001],
				["GoBca93", 724, 19, 6, 0.997, 0.2458],
				["GoBca94", 725, 15, 7, 0.997, 0.3579],
				["GoBca95", 726, 19, 6, 0.997, 0.3617],
				["GoBca96", 727, 15, 7, 0.997, 0.3806],
				["GoBca97", 728, 28, 6.5, 0.997, 1.229],
				["GoBca98", 729, 28, 6.5, 0.997, 1.268],
				["GoBca99", 730, 42, 8.63, 0.989, 1.412],
				["GomBc42", 1528, 19, 6, 0.986, 0.3628],
				["GomBc43", 1529, 19, 6, 0.986, 0.2673],
				["GomBc44", 1530, 19, 6, 0.986, 0.3585],
				["GomBc78", 1564, 19, 6, 0.974, 0.5501],
				["GomBc79", 1565, 19, 6, 0.974, 0.5058],
				["GomBc80", 1567, 19, 6, 0.974, 0.5977],
				["B281_Bc", 1596, 8, 6.5, 0.997, -0.009999],
				["B283_Bc", 1598, 8, 6.5, 0.992, -0.009999],
				["B286_Bc", 1601, 12, 5.3, 0.997, -0.009999],
				["B304_Bc", 1617, 19, 6, 0.997, 0.4621],
				["B307_Bc", 1620, 19, 6, 0.986, 0.3239],
				["B308_Bc", 1621, 19, 6, 0.974, 0.5501],
				["B311_Bc", 1624, 19, 7, 0.997, 0.6027],
				["B312_Bc", 1625, 19, 7, 0.971, 0.3381],
				["B315_Bc", 1628, 19, 7.5, 0.971, 0.2697],
				["B334_Bc", 1646, 37, 6.8, 0.997, 1.083],
				["B337_Bc", 1649, 37, 7.5, 0.997, 3.466]
			]
		},
		{
			"cons":100,
			"data":[
				["GoBca81", 711, 10, 6.5, 0.997, 0.08239],
				["GoBca82", 712, 10, 6.5, 0.997, 0.1019],
				["GoBca83", 713, 19, 6, 0.997, 0.107],
				["GoBca84", 714, 19, 6, 0.997, 0.1695],
				["GoBca85", 715, 15, 7, 0.986, 0.4007],
				["GoBca86", 716, 15, 7, 0.986, 0.4446],
				["GomBc106", 1440, 28, 6.5, 0.986, 1.005],
				["GomBc107", 1441, 28, 6.5, 0.986, 1.028],
				["GomBc153", 1491, 5, 6, 0.986, -0.009999],
				["GomBc166", 1505, 19, 4.5, 0.986, -0.009999],
				["GomBc20", 1513, 8, 6.5, 0.986, 0.2026],
				["GomBc21", 1514, 8, 6.5, 0.986, 0.5298],
				["GomBc22", 1515, 8, 6.5, 0.986, 0.8364],
				["GomBc39", 1525, 19, 6, 0.986, 0.3162],
				["GomBc40", 1526, 19, 6, 0.986, 0.5152],
				["GomBc41", 1527, 19, 6, 0.986, 0.3542],
				["GomBc47", 1533, 19, 6, 0.971, 0.2611],
				["GomBc48", 1534, 19, 6, 0.971, 0.232],
				["GomBc49", 1535, 19, 6, 0.971, 0.2371],
				["GomBc50", 1536, 19, 7.5, 0.986, 0.371],
				["GomBc51", 1537, 19, 7.5, 0.986, 0.4837],
				["GomBc52", 1538, 19, 7.5, 0.986, 0.4679],
				["GomBc56", 1542, 19, 6.5, 0.986, 1.693],
				["GomBc57", 1543, 19, 6.5, 0.986, 1.019],
				["GomBc58", 1544, 19, 6.5, 0.986, 0.8598],
				["GomBc76", 1562, 19, 6, 0.974, 1.371],
				["GomBc77", 1563, 19, 6, 0.974, 1.51],
				["B270_Bc", 1585, 5, 6, 0.986, -0.009999],
				["B280_Bc", 1595, 8, 6.5, 0.997, -0.009999],
				["B297_Bc", 1612, 19, 4.5, 0.986, -0.009999],
				["B303_Bc", 1616, 19, 6, 0.997, 1.005],
				["B306_Bc", 1619, 19, 6, 0.986, 0.3788],
				["B309_Bc", 1622, 19, 6, 0.971, 0.2424],
				["B310_Bc", 1623, 19, 6.5, 0.986, 1.1],
				["B314_Bc", 1627, 19, 7.5, 0.986, 0.4359],
				["B324_Bc", 1637, 28, 6.5, 0.986, 1.019],
				["B327_Bc", 1640, 28, 7, 0.997, 0.7534],
				["B333_Bc", 1645, 37, 6.8, 0.997, 0.8557]
			]
		},
		{
			"cons":150,
			"data":[
				["GoBca87", 717, 28, 6, 0.986, 0.1294],
				["GoBca88", 718, 28, 6, 0.997, 0.3142],
				["GoBca89", 719, 37, 5, 0.986, 0.4762],
				["GoBca90", 721, 28, 6, 0.997, 0.5461],
				["GomBc100", 1434, 28, 6.75, 0.977, 2.979],
				["GomBc101", 1435, 28, 6.75, 0.977, 1.431],
				["GomBc102", 1436, 28, 6.75, 0.977, 1.31],
				["GomBc111", 1446, 28, 6.75, 0.977, 2.233],
				["GomBc112", 1447, 28, 6.75, 0.977, 1.758],
				["GomBc113", 1448, 28, 6.75, 0.977, 4.602],
				["GomBc147", 1484, 42, 6, 0.986, 0.8369],
				["GomBc148", 1485, 42, 6, 0.986, 0.3623],
				["GomBc149", 1486, 42, 6, 0.986, 0.5256],
				["GomBc161", 1500, 12, 5.25, 0.992, -0.009999],
				["GomBc163", 1502, 12, 5.25, 0.98, -0.009999],
				["GomBc164", 1503, 12, 6.75, 0.98, -0.009999],
				["GomBc167", 1506, 28, 5.25, 0.989, -0.009999],
				["GomBc169", 1508, 28, 5.25, 0.98, -0.009999],
				["GomBc31", 1520, 12, 6.75, 0.992, 0.1238],
				["GomBc32", 1521, 12, 6.75, 0.992, 0.1246],
				["GomBc33", 1522, 12, 6.75, 0.992, 0.1335],
				["GomBc95", 1580, 28, 6.75, 0.989, 1.78],
				["GomBc96", 1581, 28, 6.75, 0.989, 1.236],
				["GomBc97", 1582, 28, 6.75, 0.989, 1.389],
				["B288_Bc", 1603, 12, 5.3, 0.992, -0.009999],
				["B294_Bc", 1609, 12, 6.8, 0.992, 0.1173],
				["B319_Bc", 1632, 28, 5.3, 0.989, -0.009999],
				["B321_Bc", 1634, 28, 5.3, 0.98, -0.009999],
				["B335_Bc", 1647, 37, 7, 0.971, 0.8557],
				["B339_Bc", 1651, 42, 6, 0.986, 0.5134]
			]
		},
		{
			"cons":50,
			"data":[
				["GomBc103", 1437, 28, 5.75, 0.986, 0.3667],
				["GomBc104", 1438, 28, 5.75, 0.986, 0.6792],
				["GomBc105", 1439, 28, 5.75, 0.986, 0.4736],
				["GomBc108", 1442, 28, 6.75, 0.989, 1.534],
				["GomBc109", 1443, 28, 6.75, 0.989, 1.757],
				["GomBc110", 1445, 28, 6.75, 0.989, 1.379],
				["GomBc160", 1499, 12, 5.25, 0.992, -0.009999],
				["GomBc162", 1501, 12, 5.25, 0.98, -0.009999],
				["GomBc168", 1507, 28, 5.25, 0.98, -0.009999],
				["GomBc29", 1518, 12, 6.75, 0.992, 0.1277],
				["GomBc30", 1519, 12, 6.75, 0.992, 0.1057],
				["GomBc34", 1523, 12, 6.75, 0.98, 0.09529],
				["GomBc35", 1524, 12, 6.75, 0.98, 0.1435],
				["GomBc53", 1539, 19, 5.75, 0.986, 0.2913],
				["GomBc54", 1540, 19, 5.75, 0.986, 0.272],
				["GomBc55", 1541, 19, 5.75, 0.986, 0.2528],
				["GomBc73", 1559, 19, 6, 0.974, 0.5303],
				["GomBc74", 1560, 19, 6, 0.974, 0.5158],
				["GomBc75", 1561, 19, 6, 0.974, 1.625],
				["GomBc87", 1574, 28, 5.25, 0.992, 0.3965],
				["GomBc88", 1575, 28, 5.25, 0.992, 0.6404],
				["GomBc89", 1576, 28, 5.25, 0.992, 0.6495],
				["GomBc98", 1583, 28, 6.75, 0.977, 1.647],
				["GomBc99", 1584, 28, 6.75, 0.977, 1.676],
				["B287_Bc", 1602, 12, 5.3, 0.992, -0.009999],
				["B293_Bc", 1608, 12, 6.8, 0.992, 0.1157],
				["B296_Bc", 1611, 12, 6.8, 0.98, 0.1146],
				["B299_Bc", 1614, 19, 5.5, 0.997, 0.6418],
				["B300_Bc", 1615, 19, 5.8, 0.986, 0.2708],
				["B318_Bc", 1631, 28, 5.3, 0.992, 0.5373],
				["B320_Bc", 1633, 28, 5.3, 0.98, -0.009999],
				["B322_Bc", 1635, 28, 5.8, 0.986, 0.4748],
				["B325_Bc", 1638, 28, 6.8, 0.989, 1.359],
				["B326_Bc", 1639, 28, 6.8, 0.977, 1.65]
			]
		}	
]
}
