{
	"name":"NaCl",
	"datasets":[
		{
			"cons":5.3,
			"data":[
				["B267_1", 11318, 34, 7, 0.969, 0.6084],
				["B267_10", 11319, 28, 7, 0.969, 0.6133],
				["B267_100", 11320, 28, 5, 0.969, -0.009999],
				["B267_107", 11327, 22, 5.5, 0.969, 0.01539],
				["B267_11", 11330, 28, 6, 0.969, 0.7591],
				["B267_113", 11334, 16, 7, 0.969, 0.1622],
				["B267_114", 11335, 16, 6, 0.969, 3.12926981239173E-04],
				["B267_115", 11336, 16, 5, 0.969, 0.02604],
				["B267_12", 11341, 28, 5.5, 0.969, 1.613],
				["B267_13", 11344, 28, 5, 0.969, 3.395],
				["B267_14", 11345, 28, 4.8, 0.969, 0.407],
				["B267_19", 11350, 22, 7, 0.969, 0.4791],
				["B267_2", 11351, 34, 6, 0.969, 0.875],
				["B267_20", 11352, 22, 6, 0.969, 3.816],
				["B267_21", 11353, 22, 5, 0.969, 0.03307],
				["B267_24", 11356, 16, 7, 0.969, 0.04904],
				["B267_25", 11357, 16, 6, 0.969, 0.09561],
				["B267_27", 11359, 13, 7, 0.969, -0.001069],
				["B267_28", 11360, 13, 6, 0.969, -0.00211],
				["B267_29", 11361, 10, 7, 0.969, 0.001412],
				["B267_3", 11362, 34, 5, 0.969, 0.1516],
				["B267_4", 11373, 34, 4.8, 0.969, 0.2332],
				["B267_5", 11384, 34, 4.6, 0.969, 0.05141]
			]
		},
		{
			"cons":10.3,
			"data":[
				["B267_101", 11321, 28, 6, 0.933, 0.2251],
				["B267_109", 11329, 22, 6, 0.933, 8.69703023692644E-05],
				["B267_118", 11339, 16, 6.5, 0.933, -0.0009085],
				["B267_15", 11346, 28, 7, 0.933, 0.3654],
				["B267_16", 11347, 28, 5.5, 0.933, 0.0925],
				["B267_22", 11354, 22, 7, 0.933, 0.0405],
				["B267_26", 11358, 16, 7, 0.933, 0.0558],
				["B267_31", 11364, 34, 4.4, 0.933, -0.0003949],
				["B267_32", 11365, 34, 5, 0.933, -0.0003583],
				["B267_33", 11366, 34, 5.5, 0.933, -0.0008873],
				["B267_42", 11376, 28, 4.4, 0.933, -0.01026],
				["B267_43", 11377, 28, 5, 0.933, 0.01509],
				["B267_52", 11387, 22, 5, 0.933, -0.0005987],
				["B267_53", 11388, 22, 5.5, 0.933, -0.02118],
				["B267_54", 11389, 22, 7, 0.933, 0.1831],
				["B267_6", 11395, 34, 7, 0.933, 0.1183],
				["B267_64", 11400, 16, 5.5, 0.933, -0.001372],
				["B267_65", 11401, 16, 5.5, 0.933, -0.001923],
				["B267_66", 11402, 16, 6, 0.933, -0.0004692],
				["B267_67", 11403, 16, 7, 0.933, 2.07681030137172E-05],
				["B267_7", 11406, 34, 5.5, 0.933, 0.0753],
				["B267_80", 11418, 22, 7, 0.933, 0.1831]
			]
		},
		{
			"cons":13.5,
			"data":[
				["B267_102", 11322, 28, 6.5, 0.907, 1.113],
				["B267_17", 11348, 28, 7, 0.907, 0.05292],
				["B267_18", 11349, 28, 6, 0.907, 0.05189],
				["B267_23", 11355, 22, 7, 0.907, 0.04455],
				["B267_34", 11367, 34, 5, 0.907, 8.1191095836077E-05],
				["B267_35", 11368, 34, 5.6, 0.907, -0.0181],
				["B267_44", 11378, 28, 5, 0.907, -0.001123],
				["B267_45", 11379, 28, 5.6, 0.907, -1.9],
				["B267_55", 11390, 22, 5, 0.907, -0.002824],
				["B267_56", 11391, 22, 5.6, 0.907, -0.0006523],
				["B267_57", 11392, 22, 6.1, 0.907, -0.002302],
				["B267_68", 11404, 16, 6, 0.907, -0.001973],
				["B267_69", 11405, 16, 7, 0.907, -0.0002843],
				["B267_74", 11411, 34, 7, 0.907, 0.6017],
				["B267_75", 11412, 34, 6, 0.907, 0.08206],
				["B267_77", 11414, 28, 7, 0.907, 0.8236],
				["B267_78", 11415, 28, 6, 0.907, 0.02962],
				["B267_8", 11417, 34, 7, 0.907, 0.158],
				["B267_87", 11425, 34, 6, 0.907, -0.009895],
				["B267_88", 11426, 34, 6.9, 0.907, 0.07602],
				["B267_9", 11428, 34, 6, 0.907, 0.1461],
				["B267_90", 11429, 28, 6.1, 0.907, 4.05897722611212E-04],
				["B267_91", 11430, 28, 7.1, 0.907, 0.0849]
			]
		},
		{
			"cons":2.5,
			"data":[
				["B267_103", 11323, 22, 5.5, 0.986, 0.04963],
				["B267_104", 11324, 22, 5, 0.986, -0.001525],
				["B267_105", 11325, 22, 4.5, 0.986, -0.001595],
				["B267_106", 11326, 22, 4, 0.986, 0.002163],
				["B267_110", 11331, 16, 5.5, 0.986, 0.05932],
				["B267_111", 11332, 16, 5, 0.986, -0.08811],
				["B267_112", 11333, 16, 4.5, 0.986, -0.0007979],
				["B267_92", 11431, 34, 5.5, 0.986, 0.5026],
				["B267_93", 11432, 34, 5, 0.986, 0.7208],
				["B267_94", 11433, 34, 4.5, 0.986, -0.000776],
				["B267_95", 11434, 34, 4, 0.986, -0.001724],
				["B267_96", 11435, 28, 5.5, 0.986, 0.5743],
				["B267_97", 11436, 28, 5, 0.986, 0.9713],
				["B267_98", 11437, 28, 4.5, 0.986, -0.0007174],
				["B267_99", 11438, 28, 4, 0.986, 0.05223]
			]
		},
		{
			"cons":7,
			"data":[
				["B267_108", 11328, 22, 5.5, 0.957, 1.48921223681182E-05],
				["B267_116", 11337, 16, 7, 0.957, 0.2269],
				["B267_117", 11338, 16, 6, 0.957, 1.73121344612241E-04],
				["B267_30", 11363, 34, 4.3, 0.957, -0.001719],
				["B267_39", 11372, 28, 4.3, 0.957, -0.002686],
				["B267_40", 11374, 28, 4.8, 0.957, -0.01973],
				["B267_41", 11375, 28, 4.9, 0.957, -0.003213],
				["B267_49", 11383, 22, 4.6, 0.957, -0.0007224],
				["B267_50", 11385, 22, 4.9, 0.957, -1.59902090566226E-03],
				["B267_51", 11386, 22, 5.9, 0.957, 0.04271],
				["B267_60", 11396, 16, 4.6, 0.957, -0.001407],
				["B267_61", 11397, 16, 4.9, 0.957, -0.009175],
				["B267_62", 11398, 16, 5.1, 0.957, -0.001362],
				["B267_63", 11399, 16, 6.5, 0.957, -0.002344],
				["B267_71", 11408, 34, 6.9, 0.957, 1.133],
				["B267_72", 11409, 34, 6, 0.957, 0.955],
				["B267_73", 11410, 34, 4.8, 0.957, -0.000546],
				["B267_76", 11413, 28, 6, 0.957, 0.1377],
				["B267_79", 11416, 22, 6, 0.957, 0.05518],
				["B267_85", 11423, 34, 4.6, 0.957, -0.0004368],
				["B267_86", 11424, 34, 5.9, 0.957, 0.7061],
				["B267_89", 11427, 28, 6.2, 0.957, 5.532]
			]
		}	
]
}
