{
	"name":"NaCl",
	"datasets":[
		{
			"cons":1.2,
			"data":[
				["P094_1", 10205, 27, 5.8, 0.994, 0.1301],
				["P094_2", 10206, 27, 6, 0.994, 0.1587],
				["P094_3", 10207, 27, 5.9, 0.994, 0.1299],
				["P094_4", 10208, 27, 5.7, 0.994, 0.2555],
				["P094_5", 10209, 27, 5.5, 0.994, 0.08762],
				["P095_1", 10210, 27, 6, 0.994, 0.1012],
				["P095_2", 10211, 27, 6, 0.994, 0.1103],
				["P095_3", 10212, 27, 6, 0.994, -0.06708],
				["P095_4", 10213, 27, 5.8, 0.994, -0.01027],
				["P095_5", 10214, 27, 5.8, 0.994, 0.02282],
				["P096_1", 10215, 27, 5.9, 0.994, 0.1792],
				["P096_2", 10216, 27, 6.1, 0.994, 0.433],
				["P096_3", 10217, 27, 6, 0.994, 0.4865],
				["P096_4", 10218, 27, 5.8, 0.994, 0.1878],
				["P096_5", 10219, 27, 5.8, 0.994, 0.1621],
				["P097_1", 10220, 27, 5.8, 0.994, 0.1926],
				["P097_2", 10221, 27, 6.4, 0.994, 0.2046],
				["P097_3", 10222, 27, 6.9, 0.994, 0.1715],
				["P097_4", 10223, 27, 5.7, 0.994, 0.1572],
				["P097_5", 10224, 27, 5.8, 0.994, 0.1668],
				["P098_1", 10225, 27, 5.6, 0.994, 0.2051],
				["P098_2", 10226, 27, 5.7, 0.994, 0.1883],
				["P098_3", 10227, 27, 5.6, 0.994, 0.1366],
				["P098_4", 10228, 27, 5.4, 0.994, 0.07619],
				["P098_5", 10229, 27, 5.4, 0.994, 0.06613],
				["P105_1", 10251, 27, 6, 0.994, 0.2219],
				["P105_2", 10252, 27, 6.1, 0.994, 0.1548],
				["P105_3", 10253, 27, 6, 0.994, 0.137],
				["P105_4", 10254, 27, 5.8, 0.994, 0.2554],
				["P105_5", 10255, 27, 5.7, 0.994, 0.2156],
				["P107_1", 10261, 27, 6, 0.994, 0.209],
				["P107_2", 10262, 27, 6, 0.994, 0.1193],
				["P107_3", 10263, 27, 6.1, 0.994, 0.1179],
				["P107_4", 10264, 27, 5.8, 0.994, 0.1605],
				["P107_5", 10265, 27, 5.7, 0.994, 0.1375],
				["P109_1", 10266, 27, 5.8, 0.994, 0.1914],
				["P109_2", 10267, 27, 6.1, 0.994, 0.23],
				["P109_3", 10268, 27, 6.2, 0.994, 0.1993],
				["P109_4", 10269, 27, 5.6, 0.994, 0.1414],
				["P109_5", 10270, 27, 5.6, 0.994, 0.2084]
			]
		},
		{
			"cons":1.1,
			"data":[
				["P099_1", 10230, 27, 6, 0.994, 0.1457],
				["P099_2", 10231, 27, 6.1, 0.994, 0.1461],
				["P099_3", 10232, 27, 6, 0.994, 0.236],
				["P099_4", 10233, 27, 5.8, 0.994, 0.2511],
				["P099_5", 10234, 27, 5.8, 0.994, 0.2324],
				["P100_1", 10235, 27, 5.9, 0.994, 0.1657],
				["P100_2", 10236, 27, 5.7, 0.994, 0.1326],
				["P100_3", 10237, 27, 6, 0.994, 0.1231],
				["P100_4", 10238, 27, 5.7, 0.994, 0.01713],
				["P100_5", 10239, 27, 5.7, 0.994, -0.02077],
				["P100_6", 10240, 27, 5.9, 0.994, 0.06651],
				["P106_1", 10256, 27, 5.9, 0.994, 0.2089],
				["P106_2", 10257, 27, 6, 0.994, 0.2008],
				["P106_3", 10258, 27, 6, 0.994, 0.2127],
				["P106_4", 10259, 27, 5.6, 0.994, 0.07116],
				["P106_5", 10260, 27, 5.6, 0.994, 0.07993]
			]
		},
		{
			"cons":10.3,
			"data":[
				["B262_1", 11227, 34, 6, 0.942, 0.7336],
				["B262_10", 11228, 22, 6, 0.942, 1.983],
				["B262_11", 11229, 22, 5, 0.942, 0.02363],
				["B262_13", 11231, 16, 6, 0.942, 0.04902],
				["B262_14", 11232, 13, 6, 0.942, -0.0226],
				["B262_15", 11233, 10, 6, 0.942, -0.009999],
				["B262_2", 11238, 34, 5, 0.942, 1.085],
				["B262_21", 11240, 34, 7, 0.931, 0.1139],
				["B262_22", 11241, 34, 5.5, 0.931, 0.06104],
				["B262_3", 11249, 34, 4.8, 0.942, 5.69313116928909E-05],
				["B262_30", 11250, 28, 7, 0.931, 0.3296],
				["B262_31", 11251, 28, 5.5, 0.931, 0.02998],
				["B262_38", 11258, 22, 7, 0.931, 0.1195],
				["B262_39", 11259, 22, 5.5, 0.931, 0.0658],
				["B262_44", 11265, 16, 7, 0.931, 0.1392],
				["B262_7", 11287, 28, 6, 0.942, 0.3632],
				["B262_8", 11288, 28, 5, 0.942, -0.01313]
			]
		},
		{
			"cons":5.3,
			"data":[
				["B262_16", 11234, 34, 7, 0.958, 0.3771],
				["B262_17", 11235, 34, 6, 0.958, 3.941],
				["B262_18", 11236, 34, 5, 0.958, 0.1346],
				["B262_19", 11237, 34, 4.8, 0.958, 0.2392],
				["B262_20", 11239, 34, 4.6, 0.958, 0.03787],
				["B262_25", 11244, 28, 7, 0.958, 0.2235],
				["B262_26", 11245, 28, 6, 0.958, 0.1082],
				["B262_27", 11246, 28, 5.5, 0.958, 1.185],
				["B262_28", 11247, 28, 5, 0.958, 0.1186],
				["B262_29", 11248, 28, 4.8, 0.958, 0.04226],
				["B262_34", 11254, 22, 7, 0.958, 0.1014],
				["B262_35", 11255, 22, 6, 0.958, 0.05088],
				["B262_36", 11256, 22, 5.5, 0.958, 0.1004],
				["B262_37", 11257, 22, 5, 0.958, 0.1691],
				["B262_42", 11263, 16, 7, 0.958, 0.1115],
				["B262_43", 11264, 16, 6, 0.958, 0.0335],
				["B262_45", 11266, 13, 7, 0.958, 0.1049],
				["B262_46", 11267, 13, 6, 0.958, 2.8775122644562E-04],
				["B262_47", 11268, 10, 7, 0.958, 0.002008]
			]
		},
		{
			"cons":1,
			"data":[
				["Bs60_1_89", 20791, 89, 6, 0.995, -4.15409828028842],
				["Bs60_1_92", 20792, 92, 6, 0.995, -9.01366088099468],
				["Bs60_1_95", 20793, 95, 6, 0.995, -17.1552731740942],
				["Bs60_1_98", 20794, 98, 6, 0.995, -33.1114392091411],
				["Bs65_1_89", 20815, 89, 6.5, 0.995, -2.805],
				["Bs65_1_92", 20816, 92, 6.5, 0.995, -3.69574006099257],
				["Bs65_1_95", 20817, 95, 6.5, 0.995, -8.53619088079524],
				["Bs65_1_98", 20818, 98, 6.5, 0.995, -18.0767327103907],
				["Bs70_1_89", 20839, 89, 7, 0.995, -1.402],
				["Bs70_1_92", 20840, 92, 7, 0.995, -1.95320986068819],
				["Bs70_1_95", 20841, 95, 7, 0.995, -4.01036246834868],
				["Bs70_1_98", 20842, 98, 7, 0.995, -5.11371528224334],
				["Bs75_1_89", 20863, 89, 7.5, 0.995, -1.75],
				["Bs75_1_92", 20864, 92, 7.5, 0.995, -1.36066666666667],
				["Bs75_1_95", 20865, 95, 7.5, 0.995, -5.37070095176443],
				["Bs75_1_98", 20866, 98, 7.5, 0.995, -7.63332045909161],
				["Bs8_1_89", 20887, 89, 8, 0.995, -1.552],
				["Bs8_1_92", 20888, 92, 8, 0.995, -2.975],
				["Bs8_1_95", 20889, 95, 8, 0.995, -4.8126952628217],
				["Bs8_1_98", 20890, 98, 8, 0.995, -7.64772096465799]
			]
		},
		{
			"cons":2,
			"data":[
				["Bs60_2_89", 20795, 89, 6, 0.989, -2.87712723720127],
				["Bs60_2_92", 20796, 92, 6, 0.989, -7.45743425097568],
				["Bs60_2_95", 20797, 95, 6, 0.989, -19.5081074009146],
				["Bs60_2_98", 20798, 98, 6, 0.989, -32.1367895765284],
				["Bs65_2_89", 20819, 89, 6.5, 0.989, -2.225],
				["Bs65_2_92", 20820, 92, 6.5, 0.989, -2.7280277492588],
				["Bs65_2_95", 20821, 95, 6.5, 0.989, -6.95161160762178],
				["Bs65_2_98", 20822, 98, 6.5, 0.989, -14.9983152807055],
				["Bs70_2_89", 20843, 89, 7, 0.989, -1.242],
				["Bs70_2_92", 20844, 92, 7, 0.989, -3.491],
				["Bs70_2_95", 20845, 95, 7, 0.989, -2.79946773375812],
				["Bs70_2_98", 20846, 98, 7, 0.989, -22.3714448278596],
				["Bs75_2_89", 20867, 89, 7.5, 0.989, -1.89703145441517],
				["Bs75_2_92", 20868, 92, 7.5, 0.989, -3.66633137613477],
				["Bs75_2_95", 20869, 95, 7.5, 0.989, -8.90080400123311],
				["Bs75_2_98", 20870, 98, 7.5, 0.989, -11.8673805995123],
				["Bs8_2_89", 20891, 89, 8, 0.989, -1.967],
				["Bs8_2_92", 20892, 92, 8, 0.989, -3.395],
				["Bs8_2_95", 20893, 95, 8, 0.989, -5.9174545215327],
				["Bs8_2_98", 20894, 98, 8, 0.989, -10.01103918189]
			]
		},
		{
			"cons":3,