{
	"name":"NaCl",
	"datasets":[
		{
			"cons":10.3,
			"data":[
				["B262_1", 11227, 34, 6, 0.942, 0.7336],
				["B262_10", 11228, 22, 6, 0.942, 1.983],
				["B262_11", 11229, 22, 5, 0.942, 0.02363],
				["B262_13", 11231, 16, 6, 0.942, 0.04902],
				["B262_14", 11232, 13, 6, 0.942, -0.0226],
				["B262_15", 11233, 10, 6, 0.942, -0.009999],
				["B262_2", 11238, 34, 5, 0.942, 1.085],
				["B262_21", 11240, 34, 7, 0.931, 0.1139],
				["B262_22", 11241, 34, 5.5, 0.931, 0.06104],
				["B262_3", 11249, 34, 4.8, 0.942, 5.69313116928909E-05],
				["B262_30", 11250, 28, 7, 0.931, 0.3296],
				["B262_31", 11251, 28, 5.5, 0.931, 0.02998],
				["B262_38", 11258, 22, 7, 0.931, 0.1195],
				["B262_39", 11259, 22, 5.5, 0.931, 0.0658],
				["B262_44", 11265, 16, 7, 0.931, 0.1392],
				["B262_7", 11287, 28, 6, 0.942, 0.3632],
				["B262_8", 11288, 28, 5, 0.942, -0.01313]
			]
		},
		{
			"cons":5.3,
			"data":[
				["B262_16", 11234, 34, 7, 0.958, 0.3771],
				["B262_17", 11235, 34, 6, 0.958, 3.941],
				["B262_18", 11236, 34, 5, 0.958, 0.1346],
				["B262_19", 11237, 34, 4.8, 0.958, 0.2392],
				["B262_20", 11239, 34, 4.6, 0.958, 0.03787],
				["B262_25", 11244, 28, 7, 0.958, 0.2235],
				["B262_26", 11245, 28, 6, 0.958, 0.1082],
				["B262_27", 11246, 28, 5.5, 0.958, 1.185],
				["B262_28", 11247, 28, 5, 0.958, 0.1186],
				["B262_29", 11248, 28, 4.8, 0.958, 0.04226],
				["B262_34", 11254, 22, 7, 0.958, 0.1014],
				["B262_35", 11255, 22, 6, 0.958, 0.05088],
				["B262_36", 11256, 22, 5.5, 0.958, 0.1004],
				["B262_37", 11257, 22, 5, 0.958, 0.1691],
				["B262_42", 11263, 16, 7, 0.958, 0.1115],
				["B262_43", 11264, 16, 6, 0.958, 0.0335],
				["B262_45", 11266, 13, 7, 0.958, 0.1049],
				["B262_46", 11267, 13, 6, 0.958, 2.8775122644562E-04],
				["B262_47", 11268, 10, 7, 0.958, 0.002008]
			]
		},
		{
			"cons":1,
			"data":[
				["Bs60_1_89", 20791, 89, 6, 0.995, -4.15409828028842],
				["Bs60_1_92", 20792, 92, 6, 0.995, -9.01366088099468],
				["Bs60_1_95", 20793, 95, 6, 0.995, -17.1552731740942],
				["Bs60_1_98", 20794, 98, 6, 0.995, -33.1114392091411],
				["Bs65_1_89", 20815, 89, 6.5, 0.995, -2.805],
				["Bs65_1_92", 20816, 92, 6.5, 0.995, -3.69574006099257],
				["Bs65_1_95", 20817, 95, 6.5, 0.995, -8.53619088079524],
				["Bs65_1_98", 20818, 98, 6.5, 0.995, -18.0767327103907],
				["Bs70_1_89", 20839, 89, 7, 0.995, -1.402],
				["Bs70_1_92", 20840, 92, 7, 0.995, -1.95320986068819],
				["Bs70_1_95", 20841, 95, 7, 0.995, -4.01036246834868],
				["Bs70_1_98", 20842, 98, 7, 0.995, -5.11371528224334],
				["Bs75_1_89", 20863, 89, 7.5, 0.995, -1.75],
				["Bs75_1_92", 20864, 92, 7.5, 0.995, -1.36066666666667],
				["Bs75_1_95", 20865, 95, 7.5, 0.995, -5.37070095176443],
				["Bs75_1_98", 20866, 98, 7.5, 0.995, -7.63332045909161],
				["Bs8_1_89", 20887, 89, 8, 0.995, -1.552],
				["Bs8_1_92", 20888, 92, 8, 0.995, -2.975],
				["Bs8_1_95", 20889, 95, 8, 0.995, -4.8126952628217],
				["Bs8_1_98", 20890, 98, 8, 0.995, -7.64772096465799]
			]
		},
		{
			"cons":2,
			"data":[
				["Bs60_2_89", 20795, 89, 6, 0.989, -2.87712723720127],
				["Bs60_2_92", 20796, 92, 6, 0.989, -7.45743425097568],
				["Bs60_2_95", 20797, 95, 6, 0.989, -19.5081074009146],
				["Bs60_2_98", 20798, 98, 6, 0.989, -32.1367895765284],
				["Bs65_2_89", 20819, 89, 6.5, 0.989, -2.225],
				["Bs65_2_92", 20820, 92, 6.5, 0.989, -2.7280277492588],
				["Bs65_2_95", 20821, 95, 6.5, 0.989, -6.95161160762178],
				["Bs65_2_98", 20822, 98, 6.5, 0.989, -14.9983152807055],
				["Bs70_2_89", 20843, 89, 7, 0.989, -1.242],
				["Bs70_2_92", 20844, 92, 7, 0.989, -3.491],
				["Bs70_2_95", 20845, 95, 7, 0.989, -2.79946773375812],
				["Bs70_2_98", 20846, 98, 7, 0.989, -22.3714448278596],
				["Bs75_2_89", 20867, 89, 7.5, 0.989, -1.89703145441517],
				["Bs75_2_92", 20868, 92, 7.5, 0.989, -3.66633137613477],
				["Bs75_2_95", 20869, 95, 7.5, 0.989, -8.90080400123311],
				["Bs75_2_98", 20870, 98, 7.5, 0.989, -11.8673805995123],
				["Bs8_2_89", 20891, 89, 8, 0.989, -1.967],
				["Bs8_2_92", 20892, 92, 8, 0.989, -3.395],
				["Bs8_2_95", 20893, 95, 8, 0.989, -5.9174545215327],
				["Bs8_2_98", 20894, 98, 8, 0.989, -10.01103918189]
			]
		},
		{
			"cons":3,
			"data":[
				["Bs60_3_89", 20799, 89, 6, 0.983, -2.25671101373204],
				["Bs60_3_92", 20800, 92, 6, 0.983, -4.24153372876037],
				["Bs60_3_95", 20801, 95, 6, 0.983, -11.0594378996279],
				["Bs60_3_98", 20802, 98, 6, 0.983, -27.5551917928467],
				["Bs65_3_89", 20823, 89, 6.5, 0.983, -1.496],
				["Bs65_3_92", 20824, 92, 6.5, 0.983, -2.09078934419173],
				["Bs65_3_95", 20825, 95, 6.5, 0.983, -5.70323038233359],
				["Bs65_3_98", 20826, 98, 6.5, 0.983, -8.63006167232394],
				["Bs70_3_89", 20847, 89, 7, 0.983, -1.606],
				["Bs70_3_92", 20848, 92, 7, 0.983, -3.323],
				["Bs70_3_95", 20849, 95, 7, 0.983, -3.60689133644394],
				["Bs70_3_98", 20850, 98, 7, 0.983, -8.29517095978909],
				["Bs75_3_89", 20871, 89, 7.5, 0.983, -3.259],
				["Bs75_3_92", 20872, 92, 7.5, 0.983, -3.30564418485364],
				["Bs75_3_95", 20873, 95, 7.5, 0.983, -6.85666805331046],
				["Bs75_3_98", 20874, 98, 7.5, 0.983, -11.8052301955347],
				["Bs8_3_89", 20895, 89, 8, 0.983, -2.108],
				["Bs8_3_92", 20896, 92, 8, 0.983, -3.894],
				["Bs8_3_95", 20897, 95, 8, 0.983, -4.66564466096333],
				["Bs8_3_98", 20898, 98, 8, 0.983, -11.1502078133196]
			]
		},
		{
			"cons":4,
			"data":[
				["Bs60_4_89", 20803, 89, 6, 0.977, -3.577],
				["Bs60_4_92", 20804, 92, 6, 0.977, -3.94736789463177],
				["Bs60_4_95", 20805, 95, 6, 0.977, -8.91635313226013],
				["Bs60_4_98", 20806, 98, 6, 0.977, -23.3589902949754],
				["Bs65_4_89", 20827, 89, 6.5, 0.977, -2.079],
				["Bs65_4_92", 20828, 92, 6.5, 0.977, -1.99640403629024],
				["Bs65_4_95", 20829, 95, 6.5, 0.977, -5.55499012541666],
				["Bs65_4_98", 20830, 98, 6.5, 0.977, -11.6542280885709],
				["Bs70_4_89", 20851, 89, 7, 0.977, -1.834],
				["Bs70_4_92", 20852, 92, 7, 0.977, -1.94105346655809],
				["Bs70_4_95", 20853, 95, 7, 0.977, -4.623343167545],
				["Bs70_4_98", 20854, 98, 7, 0.977, -11.4106717036801],
				["Bs75_4_89", 20875, 89, 7.5, 0.977, -3.254],
				["Bs75_4_92", 20876, 92, 7.5, 0.977, -3.53161076571075],
				["Bs75_4_95", 20877, 95, 7.5, 0.977, -7.9724797056121],
				["Bs75_4_98", 20878, 98, 7.5, 0.977, -20.9947408462007],
				["Bs8_4_89", 20899, 89, 8, 0.977, -2.292],
				["Bs8_4_92", 20900, 92, 8, 0.977, -3.91],
				["Bs8_4_95", 20901, 95, 8, 0.977, -5.76706862683242],
				["Bs8_4_98", 20902, 98, 8, 0.977, -12.6780536452358]
			]
		},
		{
			"cons":5,
			"data":[
				["Bs60_5_89", 20807, 89, 6, 0.971, -2.798],
				["Bs60_5_92", 20808, 92, 6, 0.971, -3.89752047207598],
				["Bs60_5_95", 20809, 95, 6, 0.971, -8.67570262546516],
				["Bs60_5_98", 20810, 98, 6, 0.971, -25.4983515996102],
				["Bs65_5_89", 20831, 89, 6.5, 0.971, -1.996],
				["Bs65_5_92", 20832, 92, 6.5, 0.971, -3.763],
				["Bs65_5_95", 20833, 95, 6.5, 0.971, -4.00164893778659],
				["Bs65_5_98", 20834, 98, 6.5, 0.971, -12.4640206418718],
				["Bs70_5_89", 20855, 89, 7, 0.971, -1.556],
				["Bs70_5_92", 20856, 92, 7, 0.971, -2.1269378535614],
				["Bs70_5_95", 20857, 95, 7, 0.971, -4.96419422943579],
				["Bs70_5_98", 20858, 98, 7, 0.971, -9.19159522194125],
				["Bs75_5_89", 20879, 89, 7.5, 0.971, -2.964],
				["Bs75_5_92", 20880, 92, 7.5, 0.971, -3.81581030231958],
				["Bs75_5_95", 20881, 95, 7.5, 0.971, -8.22542884455821],
				["Bs75_5_98", 20882, 98, 7.5, 0.971, -19.1208632187968],
				["Bs8_5_89", 20903, 89, 8, 0.971, -2.344],
				["Bs8_5_92", 20904, 92, 8, 0.971, -1.76216772867864],
				["Bs8_5_95", 20905, 95, 8, 0.971, -5.04950125778722],
				["Bs8_5_98", 20906, 98, 8, 0.971, -13.387702985479]
			]
		}	
]
}
