{
	"name":"NaCl",
	"datasets":[
		{
			"cons":0.25,
			"data":[
				["GMW_0782", 7114, 13, 6.5, 0.999, 2.92153501444643E-02],
				["GMW_0783", 7115, 7, 6.5, 0.999, 2.08333333333333E-02],
				["GMW_0784", 7116, 13, 6.5, 0.999, 2.77904488380636E-02],
				["GMW_0785", 7117, 7, 6.5, 0.999, 0.0125],
				["GMW_0786", 7118, 13, 6.5, 0.999, 1.47540983606557E-02],
				["GMW_0787", 7119, 7, 6.5, 0.999, 0.01875],
				["GMW_0788", 7120, 13, 5.75, 0.999, 5.44633057295381E-02],
				["GMW_0789", 7121, 7, 5.75, 0.999, 5.76693723765127E-02],
				["GMW_0790", 7122, 13, 5.75, 0.999, 2.08814205539602E-02],
				["GMW_0791", 7123, 7, 5.75, 0.999, 8.49553940367281E-02],
				["GMW_0792", 7124, 13, 5.75, 0.999, 2.79880778299559E-02],
				["GMW_0793", 7125, 7, 5.75, 0.999, 0.0325]
			]
		},
		{
			"cons":1.75,
			"data":[
				["GMW_0794", 7126, 13, 6.5, 0.99, 1.69957581076135E-02],
				["GMW_0795", 7127, 7, 6.5, 0.99, 1.88953488372093E-02],
				["GMW_0796", 7128, 13, 6.5, 0.99, 1.91333395892984E-02],
				["GMW_0797", 7129, 7, 6.5, 0.99, 9.58333333333333E-03],
				["GMW_0798", 7130, 13, 6.5, 0.99, 5.59511251758087E-03],
				["GMW_0799", 7131, 7, 6.5, 0.99, 2.93981481481481E-02],
				["GMW_0800", 7132, 13, 5.75, 0.99, 1.07428971653584E-02],
				["GMW_0801", 7133, 7, 5.75, 0.99, 1.08836206896552E-02],
				["GMW_0802", 7134, 13, 5.75, 0.99, 1.04055494705619E-02],
				["GMW_0803", 7135, 7, 5.75, 0.99, 0.019140669159062],
				["GMW_0804", 7136, 13, 5.75, 0.99, 5.83930044500782E-03],
				["GMW_0805", 7137, 7, 5.75, 0.99, 1.12787356321839E-02]
			]
		},
		{
			"cons":4,
			"data":[
				["B264_10", 13432, 10, 7.1, 0.977, 0.0686],
				["B264_17", 13439, 10, 5.9, 0.977, 0.02134],
				["B264_24", 13447, 10, 5.6, 0.977, -0.0003498],
				["B264_38", 13462, 24, 6.8, 0.977, 0.2914],
				["B264_45", 13470, 29.9, 5.2, 0.977, -0.0003378],
				["B264_47", 13472, 5, 6.7, 0.977, -0.009999],
				["B264_49", 13474, 6.9, 6.3, 0.977, 0.009811],
				["B264_55", 13481, 30.1, 5.6, 0.977, -0.009999],
				["B264_57", 13483, 20, 5.7, 0.977, 0.0712],
				["B278_12", 13528, 85, 6, 0.977, -2.933],
				["B278_14", 13530, 85, 5, 0.977, -10.24],
				["B278_17", 13533, 90, 6.8, 0.977, -10.21],
				["B278_21", 13538, 90, 6, 0.977, -15.31],
				["B278_24", 13541, 90, 5, 0.977, -28.92],
				["B278_30", 13548, 95, 6, 0.977, -74.57],
				["B278_32", 13550, 95, 5, 0.977, -99.15],
				["B278_4", 13554, 80, 6, 0.977, -1.063]
			]
		},
		{
			"cons":1,
			"data":[
				["B264_11", 13433, 10, 5.6, 0.995, 0.1134],
				["B264_13", 13435, 10, 5.3, 0.995, 0.05039],
				["B264_15", 13437, 10, 5.2, 0.995, 0.003513],
				["B264_22", 13445, 5, 5.3, 0.995, 5.45519919019145E-05],
				["B264_30", 13454, 5, 6, 0.995, 0.02963],
				["B264_39", 13463, 25, 5.9, 0.995, 0.7982],
				["B264_46", 13471, 15, 5.5, 0.995, 0.3215],
				["B264_60", 13486, 4, 7.5, 0.995, 0.0197],
				["B264_62", 13488, 7.9, 5.3, 0.995, 0.04559],
				["B264_75", 13496, 9.8, 5.6, 0.995, 0.08355],
				["Cbn_trky_10a", 21727, 85, 6.25, 0.995, -3.79691763593957],
				["Cbn_trky_10b", 21728, 85, 6.25, 0.995, -5.37988627718627],
				["Cbn_trky_10c", 21729, 85, 6.25, 0.995, -4.06511532187991],
				["Cbn_trky_11a", 21730, 75, 6.25, 0.995, -3.52444170713337],
				["Cbn_trky_11b", 21731, 75, 6.25, 0.995, -6.60237514673979],
				["Cbn_trky_11c", 21732, 75, 6.25, 0.995, -3.02706415758503],
				["Cbn_trky_12a", 21733, 85, 6.25, 0.995, -15.7626909759086],
				["Cbn_trky_12b", 21734, 85, 6.25, 0.995, -4.26520792209896],
				["Cbn_trky_12c", 21735, 85, 6.25, 0.995, -16.753315500151],
				["Cbn_trky_1a", 21754, 75, 5.5, 0.995, -0.956069374722153],
				["Cbn_trky_1b", 21755, 75, 5.5, 0.995, -1.2251156549858],
				["Cbn_trky_2a", 21771, 85, 5.5, 0.995, -7.92502412420443],
				["Cbn_trky_2b", 21772, 85, 5.5, 0.995, -7.07851758028961],
				["Cbn_trky_2c", 21773, 85, 5.5, 0.995, -6.92095263613002],
				["Cbn_trky_3a", 21774, 75, 5.5, 0.995, -42.7692379511679],
				["Cbn_trky_3b", 21775, 75, 5.5, 0.995, -2.61897776908534],
				["Cbn_trky_3c", 21776, 75, 5.5, 0.995, -2.29822674229089],
				["Cbn_trky_4a", 21777, 85, 5.5, 0.995, -21.9749254939688],
				["Cbn_trky_4b", 21778, 85, 5.5, 0.995, -23.3781287942742],
				["Cbn_trky_4c", 21779, 85, 5.5, 0.995, -25.6789896944126],
				["Cbn_trky_9a", 21791, 75, 6.25, 0.995, -1.25441977864143],
				["Cbn_trky_9b", 21792, 75, 6.25, 0.995, -2.73324639051828],
				["Cbn_trky_9c", 21793, 75, 6.25, 0.995, -1.24442203165484]
			]
		},
		{
			"cons":2,
			"data":[
				["B264_12", 13434, 10, 5.7, 0.989, 0.08394],
				["B264_14", 13436, 10, 5.4, 0.989, 0.03376],
				["B264_19", 13441, 10, 5.5, 0.989, 0.06988],
				["B264_21", 13444, 5, 5.4, 0.989, 4.31573916902409E-05],
				["B264_26", 13449, 20, 5.2, 0.989, 0.049],
				["B264_34", 13458, 24.8, 5.1, 0.989, -0.009999],
				["B264_35", 13459, 25, 7.1, 0.989, 1.292],
				["B264_36", 13460, 25, 6, 0.989, 0.714],
				["B264_37", 13461, 25, 5.5, 0.989, 0.3435],
				["B264_41", 13466, 15, 6.1, 0.989, 0.2927],
				["B264_50", 13476, 7, 5.9, 0.989, 0.04572],
				["B264_58", 13484, 15, 5.3, 0.989, 0.1089],
				["B264_72", 13493, 5, 6.1, 0.989, 0.01099],
				["B264_74", 13495, 15, 5.8, 0.989, 0.2239],
				["B264_77", 13498, 9.8, 5.9, 0.989, 0.1012],
				["B278_11", 13527, 85, 6, 0.989, -5.213],
				["B278_13", 13529, 85, 4.9, 0.989, -7.718],
				["B278_20", 13537, 90, 6, 0.989, -19.51],
				["B278_23", 13540, 90, 4.9, 0.989, -36.5],
				["B278_26", 13543, 90, 4, 0.989, -84.48],
				["B278_34", 13552, 95, 4, 0.989, -386.1],
				["B278_5", 13555, 80, 4.9, 0.989, -2.551],
				["B278_7", 13557, 80, 4, 0.989, -10.56],
				["Cbn_trky_13a", 21736, 75, 6.25, 0.989, -1.27588677199504],
				["Cbn_trky_13b", 21737, 75, 6.25, 0.989, -1.33688710994705],
				["Cbn_trky_13c", 21738, 75, 6.25, 0.989, -6.06516934368444],
				["Cbn_trky_14a", 21739, 85, 6.25, 0.989, -25.4930352063341],
				["Cbn_trky_14b", 21740, 85, 6.25, 0.989, -10.7469871886535],
				["Cbn_trky_14c", 21741, 85, 6.25, 0.989, -4.67113749677512],
				["Cbn_trky_15a", 21742, 75, 6.25, 0.989, -1.69198490481018],
				["Cbn_trky_15b", 21743, 75, 6.25, 0.989, -1.69878794919455],
				["Cbn_trky_15c", 21744, 75, 6.25, 0.989, -1.66221696519094],
				["Cbn_trky_16a", 21745, 85, 6.25, 0.989, -116.740849063069],
				["Cbn_trky_16b", 21746, 85, 6.25, 0.989, -119.072689224751],
				["Cbn_trky_17a", 21747, 90, 6.25, 0.989, -40.8051013722518],
				["Cbn_trky_17b", 21748, 90, 6.25, 0.989, -39.37308590664],
				["Cbn_trky_5a", 21780, 75, 5.5, 0.989, -6.51304209571612],
				["Cbn_trky_5b", 21781, 75, 5.5, 0.989, -5.85605993713057],
				["Cbn_trky_5c", 21782, 75, 5.5, 0.989, -2.73293305820626],
				["Cbn_trky_6a", 21783, 85, 5.5, 0.989, -8.79330786457647],
				["Cbn_trky_6b", 21784, 85, 5.5, 0.989, -8.33816361480701],
				["Cbn_trky_6c", 21785, 85, 5.5, 0.989, -8.17547095244369],
				["Cbn_trky_7a", 21786, 75, 5.5, 0.989, -2.19545540355927],
				["Cbn_trky_7b", 21787, 75, 5.5, 0.989, -2.40292390419565],
				["Cbn_trky_8a", 21788, 85, 5.5, 0.989, -11.4879462521407],
				["Cbn_trky_8b", 21789, 85, 5.5, 0.989, -72.751237962178],
				["Cbn_trky_8c", 21790, 85, 5.5, 0.989, -12.4248012997848]
			]
		},
		{
			"cons":3,
			"data":[
				["B264_18", 13440, 10, 5.7, 0.983, 0.0622],
				["B264_20", 13443, 5, 5.7, 0.983, 1.10578699888898E-04],
				["B264_40", 13465, 5.1, 7, 0.983, 0.01511],
				["B264_52", 13478, 19.9, 6.9, 0.983, 0.3949],
				["B264_54", 13480, 15.1, 5.8, 0.983, 0.2184],
				["B264_70", 13491, 5, 6.1, 0.983, 0.008475],
				["B264_76", 13497, 9.8, 6, 0.983, 0.09399],
				["B264_9", 13502, 10, 7.2, 0.983, 0.05531],
				["Cbn_trky_23a", 21762, 80, 6, 0.983, -3.00259731875259],
				["Cbn_trky_23b", 21763, 80, 6, 0.983, -2.94844098797437],
				["Cbn_trky_23c", 21764, 80, 6, 0.983, -2.8748047665517],
				["Cbn_trky2_12a", 21798, 70, 6, 0.983, -1.63634715971528],
				["Cbn_trky2_12b", 21799, 70, 6, 0.983, -1.89312162275096],
				["Cbn_trky2_4a", 21820, 90, 6, 0.983, -6.42189847782061],
				["Cbn_trky2_4b", 21821, 90, 6, 0.983, -6.89978441236036]
			]
		},
		{
			"cons":5,