{
	"name":"NaCl",
	"datasets":[
		{
			"cons":0.25,
			"data":[
				["GMW_0782", 7114, 13, 6.5, 0.999, 2.92153501444643E-02],
				["GMW_0783", 7115, 7, 6.5, 0.999, 2.08333333333333E-02],
				["GMW_0784", 7116, 13, 6.5, 0.999, 2.77904488380636E-02],
				["GMW_0785", 7117, 7, 6.5, 0.999, 0.0125],
				["GMW_0786", 7118, 13, 6.5, 0.999, 1.47540983606557E-02],
				["GMW_0787", 7119, 7, 6.5, 0.999, 0.01875],
				["GMW_0788", 7120, 13, 5.75, 0.999, 5.44633057295381E-02],
				["GMW_0789", 7121, 7, 5.75, 0.999, 5.76693723765127E-02],
				["GMW_0790", 7122, 13, 5.75, 0.999, 2.08814205539602E-02],
				["GMW_0791", 7123, 7, 5.75, 0.999, 8.49553940367281E-02],
				["GMW_0792", 7124, 13, 5.75, 0.999, 2.79880778299559E-02],
				["GMW_0793", 7125, 7, 5.75, 0.999, 0.0325]
			]
		},
		{
			"cons":1.75,
			"data":[
				["GMW_0794", 7126, 13, 6.5, 0.99, 1.69957581076135E-02],
				["GMW_0795", 7127, 7, 6.5, 0.99, 1.88953488372093E-02],
				["GMW_0796", 7128, 13, 6.5, 0.99, 1.91333395892984E-02],
				["GMW_0797", 7129, 7, 6.5, 0.99, 9.58333333333333E-03],
				["GMW_0798", 7130, 13, 6.5, 0.99, 5.59511251758087E-03],
				["GMW_0799", 7131, 7, 6.5, 0.99, 2.93981481481481E-02],
				["GMW_0800", 7132, 13, 5.75, 0.99, 1.07428971653584E-02],
				["GMW_0801", 7133, 7, 5.75, 0.99, 1.08836206896552E-02],
				["GMW_0802", 7134, 13, 5.75, 0.99, 1.04055494705619E-02],
				["GMW_0803", 7135, 7, 5.75, 0.99, 0.019140669159062],
				["GMW_0804", 7136, 13, 5.75, 0.99, 5.83930044500782E-03],
				["GMW_0805", 7137, 7, 5.75, 0.99, 1.12787356321839E-02]
			]
		},
		{
			"cons":4,
			"data":[
				["B264_10", 13432, 10, 7.1, 0.977, 0.0686],
				["B264_17", 13439, 10, 5.9, 0.977, 0.02134],
				["B264_24", 13447, 10, 5.6, 0.977, -0.0003498],
				["B264_38", 13462, 24, 6.8, 0.977, 0.2914],
				["B264_45", 13470, 29.9, 5.2, 0.977, -0.0003378],
				["B264_47", 13472, 5, 6.7, 0.977, -0.009999],
				["B264_49", 13474, 6.9, 6.3, 0.977, 0.009811],
				["B264_55", 13481, 30.1, 5.6, 0.977, -0.009999],
				["B264_57", 13483, 20, 5.7, 0.977, 0.0712],
				["B278_12", 13528, 85, 6, 0.977, -2.933],
				["B278_14", 13530, 85, 5, 0.977, -10.24],
				["B278_17", 13533, 90, 6.8, 0.977, -10.21],
				["B278_21", 13538, 90, 6, 0.977, -15.31],
				["B278_24", 13541, 90, 5, 0.977, -28.92],
				["B278_30", 13548, 95, 6, 0.977, -74.57],
				["B278_32", 13550, 95, 5, 0.977, -99.15],
				["B278_4", 13554, 80, 6, 0.977, -1.063]
			]
		},
		{
			"cons":2,
			"data":[
				["B264_12", 13434, 10, 5.7, 0.989, 0.08394],
				["B264_14", 13436, 10, 5.4, 0.989, 0.03376],
				["B264_19", 13441, 10, 5.5, 0.989, 0.06988],
				["B264_21", 13444, 5, 5.4, 0.989, 4.31573916902409E-05],
				["B264_26", 13449, 20, 5.2, 0.989, 0.049],
				["B264_34", 13458, 24.8, 5.1, 0.989, -0.009999],
				["B264_35", 13459, 25, 7.1, 0.989, 1.292],
				["B264_36", 13460, 25, 6, 0.989, 0.714],
				["B264_37", 13461, 25, 5.5, 0.989, 0.3435],
				["B264_41", 13466, 15, 6.1, 0.989, 0.2927],
				["B264_50", 13476, 7, 5.9, 0.989, 0.04572],
				["B264_58", 13484, 15, 5.3, 0.989, 0.1089],
				["B264_72", 13493, 5, 6.1, 0.989, 0.01099],
				["B264_74", 13495, 15, 5.8, 0.989, 0.2239],
				["B264_77", 13498, 9.8, 5.9, 0.989, 0.1012],
				["B278_11", 13527, 85, 6, 0.989, -5.213],
				["B278_13", 13529, 85, 4.9, 0.989, -7.718],
				["B278_20", 13537, 90, 6, 0.989, -19.51],
				["B278_23", 13540, 90, 4.9, 0.989, -36.5],
				["B278_26", 13543, 90, 4, 0.989, -84.48],
				["B278_34", 13552, 95, 4, 0.989, -386.1],
				["B278_5", 13555, 80, 4.9, 0.989, -2.551],
				["B278_7", 13557, 80, 4, 0.989, -10.56]
			]
		},
		{
			"cons":5,
			"data":[
				["B264_28", 13451, 20, 7.3, 0.971, -0.0003542],
				["B264_33", 13457, 24.8, 6.9, 0.971, -0.000478],
				["B264_44", 13469, 29.9, 6.8, 0.971, 9.79937367635778E-06],
				["B278_10", 13526, 85, 7.3, 0.971, -2.685],
				["B278_18", 13534, 90, 7.3, 0.971, -11.06],
				["B278_2", 13536, 80, 7.3, 0.971, -0.7276],
				["B278_25", 13542, 90, 4.9, 0.971, -29.82],
				["B278_27", 13544, 90, 4, 0.971, -162.6],
				["B278_29", 13546, 95, 7.3, 0.971, -92.01],
				["B278_31", 13549, 95, 6, 0.971, -60.83],
				["B278_35", 13553, 95, 4.1, 0.971, -328.3],
				["B278_8", 13558, 80, 4.1, 0.971, -10.75]
			]
		}	
]
}
