{
	"name":"acetic_acid",
	"datasets":[
		{
			"cons":300,
			"data":[
				["Tas2408", 37730, 22, 4.6, 0.996, 0.01289],
				["Tas2409", 37731, 22, 5.26, 0.996, 0.304],
				["Tas2410", 37732, 22, 5.55, 0.996, 0.4205],
				["Tas2411", 37733, 22, 5.88, 0.996, 0.4953],
				["Tas2412", 37734, 22, 6.25, 0.996, 0.5328],
				["Tas2413", 37735, 21.9, 6.63, 0.996, 0.5785],
				["Tas2414", 37736, 21.9, 6.9, 0.996, 0.5743],
				["Tas2415", 37737, 20.4, 4.62, 0.996, 0.02121],
				["Tas2416", 37738, 20.3, 4.71, 0.996, 0.05448],
				["Tas2417", 37739, 20.3, 4.81, 0.996, 0.1085],
				["Tas2418", 37740, 20.5, 4.93, 0.996, 0.1585],
				["Tas2419", 37741, 20.3, 5.11, 0.996, 0.2042],
				["Tas2420", 37742, 20.2, 5.3, 0.996, 0.2666],
				["Tas2421", 37743, 20.2, 5.54, 0.996, 0.329],
				["Tas2422", 37744, 20.1, 5.96, 0.996, 0.383],
				["Tas2423", 37745, 20.1, 6.19, 0.996, 0.3955],
				["Tas2424", 37746, 20.1, 6.44, 0.996, 0.3955],
				["Tas2425", 37747, 20.1, 6.51, 0.996, 0.4121],
				["Tas2426", 37748, 20, 6.69, 0.996, 0.3706],
				["Tas2427", 37749, 20, 6.76, 0.996, 0.3789],
				["Tas2428", 37750, 20, 6.89, 0.996, 0.3872],
				["Tas2429", 37751, 20, 7.03, 0.996, 0.329],
				["Tas2540", 37862, 37, 7.33, 0.999, 1.231]
			]
		},
		{
			"cons":900,
			"data":[
				["Tas2435", 37757, 22.3, 5.6, 0.996, 0.2624],
				["Tas2436", 37758, 22.2, 6.83, 0.996, 0.5619],
				["Tas2437", 37759, 20.5, 5.54, 0.996, 0.2059],
				["Tas2438", 37760, 20.4, 5.58, 0.996, 0.2334],
				["Tas2439", 37761, 20.4, 5.76, 0.996, 0.2779],
				["Tas2440", 37762, 20.4, 5.92, 0.996, 0.3165],
				["Tas2441", 37763, 20.3, 6.31, 0.996, 0.3498],
				["Tas2442", 37764, 20.3, 6.61, 0.996, 0.3718],
				["Tas2443", 37765, 20.3, 6.81, 0.996, 0.3806],
				["Tas2444", 37766, 20.3, 6.95, 0.996, 0.3835],
				["Tas2445", 37767, 20.2, 7.05, 0.996, 0.386],
				["Tas2496", 37818, 22.3, 5.18, 0.996, 0.01705],
				["Tas2497", 37819, 22.3, 5.37, 0.996, 0.2333],
				["Tas2504", 37826, 20.5, 5.07, 0.996, 0.008734],
				["Tas2505", 37827, 20.5, 5.14, 0.996, 0.01289],
				["Tas2506", 37828, 20.5, 5.29, 0.996, 0.06696],
				["Tas2507", 37829, 20.5, 5.41, 0.996, 0.146],
				["Tas2542", 37864, 37, 7.41, 0.998, 1.14]
			]
		},
		{
			"cons":1500,
			"data":[
				["Tas2449", 37771, 20.1, 5.64, 0.996, 0.06035],
				["Tas2450", 37772, 20.1, 5.71, 0.996, 0.1053],
				["Tas2451", 37773, 20, 5.83, 0.996, 0.1335],
				["Tas2452", 37774, 20, 5.93, 0.996, 0.2255],
				["Tas2453", 37775, 20, 6.08, 0.996, 0.2645],
				["Tas2454", 37776, 20, 6.28, 0.996, 0.3041],
				["Tas2455", 37777, 20, 6.46, 0.996, 0.3165],
				["Tas2456", 37778, 20, 6.8, 0.996, 0.3623],
				["Tas2457", 37779, 20, 7.1, 0.996, 0.3985],
				["Tas2458", 37780, 21.8, 6.25, 0.998, 0.2745],
				["Tas2459", 37781, 21.7, 6.67, 0.998, 0.3868],
				["Tas2460", 37782, 21.7, 7.09, 0.998, 0.4159],
				["Tas2461", 37783, 21.6, 7.38, 0.998, 0.4575],
				["Tas2462", 37784, 21.6, 7.72, 0.998, 0.391],
				["Tas2463", 37785, 21.6, 7.9, 0.998, 0.3702],
				["Tas2464", 37786, 21.6, 8.2, 0.998, 0.3951],
				["Tas2465", 37787, 21.5, 8.42, 0.998, 0.2953],
				["Tas2466", 37788, 21.4, 8.63, 0.998, 0.1997],
				["Tas2500", 37822, 21.8, 5.61, 0.998, 0.1501],
				["Tas2508", 37830, 20.1, 5.35, 0.996, 0.008734],
				["Tas2509", 37831, 20.1, 5.48, 0.996, 0.03369],
				["Tas2510", 37832, 20.1, 5.56, 0.996, 0.04616],
				["Tas2544", 37866, 37, 7.38, 0.998, 1.127]
			]
		},
		{
			"cons":6000,
			"data":[
				["Tas2476", 37798, 21.3, 6.54, 0.997, 0.1539],
				["Tas2477", 37799, 21.3, 6.69, 0.997, 0.1331],
				["Tas2478", 37800, 21.2, 6.89, 0.997, 0.1872],
				["Tas2479", 37801, 21.2, 7.04, 0.997, 0.183],
				["Tas2480", 37802, 21.2, 7.24, 0.997, 0.183],
				["Tas2481", 37803, 21.2, 7.52, 0.997, 0.208],
				["Tas2482", 37804, 21.1, 7.71, 0.997, 0.2537],
				["Tas2483", 37805, 21.1, 8.16, 0.997, 0.2953],
				["Tas2484", 37806, 37, 6.59, 0.997, 0.6655],
				["Tas2485", 37807, 37, 7.01, 0.997, 0.8318],
				["Tas2486", 37808, 37, 7.33, 0.997, 0.9982],
				["Tas2487", 37809, 37, 7.58, 0.997, 1.123],
				["Tas2488", 37810, 37, 8.18, 0.997, 1.165],
				["Tas2489", 37811, 37, 8.64, 0.997, 0.8318],
				["Tas2490", 37812, 37, 9.02, 0.997, 0.4575],
				["Tas2491", 37813, 20.8, 7.63, 0.995, 0.2704],
				["Tas2492", 37814, 20.8, 7.24, 0.995, 0.2745],
				["Tas2493", 37815, 20.9, 7.08, 0.995, 0.2121],
				["Tas2494", 37816, 20.9, 6.55, 0.995, 0.1747],
				["Tas2495", 37817, 20.8, 7.93, 0.995, 0.287],
				["Tas2501", 37823, 37, 6.06, 0.997, 0.2957],
				["Tas2502", 37824, 20.9, 6.22, 0.995, 0.03785],
				["Tas2503", 37825, 21.1, 5.98, 0.995, 0.004575],
				["Tas2549", 37871, 37, 7.45, 0.996, 0.9819]
			]
		},
		{
			"cons":12000,
			"data":[
				["Tas2511", 37833, 21.9, 6.13, 0.995, 0.02953],
				["Tas2512", 37834, 21.9, 6.73, 0.995, 0.1085],
				["Tas2513", 37835, 21.9, 6.9, 0.995, 0.1543],
				["Tas2514", 37836, 21.8, 7.06, 0.995, 0.1501],
				["Tas2515", 37837, 21.8, 7.29, 0.995, 0.1543],
				["Tas2516", 37838, 21.8, 7.46, 0.995, 0.1335],
				["Tas2517", 37839, 21.6, 7.8, 0.995, 0.1792],
				["Tas2518", 37840, 21.6, 7.91, 0.995, 0.1585],
				["Tas2519", 37841, 21.6, 8.03, 0.995, 0.1751],
				["Tas2520", 37842, 21.5, 8.33, 0.995, 0.09607],
				["Tas2521", 37843, 37, 6.06, 0.995, 0.06696],
				["Tas2522", 37844, 37, 6.82, 0.995, 0.5411],
				["Tas2523", 37845, 37, 7.05, 0.995, 0.6242],
				["Tas2524", 37846, 37, 7.34, 0.995, 0.8322],
				["Tas2525", 37847, 37, 7.74, 0.995, 0.9154],
				["Tas2526", 37848, 37, 7.94, 0.995, 1.123],
				["Tas2527", 37849, 37, 8.16, 0.995, 0.9985],
				["Tas2528", 37850, 37, 8.28, 0.995, 0.8322],
				["Tas2529", 37851, 20.4, 8.09, 0.996, 0.2749],
				["Tas2530", 37852, 20.4, 7.91, 0.996, 0.2499],
				["Tas2531", 37853, 20.5, 7.59, 0.996, 0.2375],
				["Tas2532", 37854, 20.5, 7.16, 0.996, 0.2],
				["Tas2533", 37855, 20.5, 6.57, 0.996, 0.1044],
				["Tas2552", 37874, 37, 7.49, 0.993, 0.7906]
			]
		}	
]
}
