{
	"name":"nitrite",
	"datasets":[
		{
			"cons":100,
			"data":[
				["GomEc50", 1034, 28, 6.5, 0.997, 1.136],
				["EcBook16_125_10a", 4123, 19, 6.5, 0.997, 0.13058524173028],
				["EcBook16_125_10an", 4124, 19, 6.5, 0.997, 0.117137404580153],
				["EcBook16_127_1a", 4129, 19, 7.5, 0.997, 0.155592182058968],
				["EcBook16_127_1b", 4130, 19, 4.5, 0.989, -8.78598081023455E-03],
				["EcBook16_128_3a", 4135, 28, 6.5, 0.98, 0.355524001552105],
				["EcBook16_128_3an", 4136, 28, 6.5, 0.98, 0.302132777577355],
				["EcBook16_129_1", 4139, 42, 6.5, 0.997, 1.09403919104594],
				["EcBook16_129_1an", 4140, 42, 6.5, 0.997, 0.96014445166031],
				["EcBook16_151_2", 4187, 37, 6.5, 0.971, 0.304657957472062],
				["EcBook16_151_2an", 4188, 37, 6.5, 0.971, 0.324952710643095],
				["EcBook16_154_1", 4192, 28, 6.5, 0.971, 0.220034103368205],
				["EcBook16_154_1an", 4193, 28, 6.5, 0.971, 0.152294533570939],
				["EcBook16_154_2", 4194, 28, 5.5, 0.989, 0.112900235544412],
				["EcBook16_154_2an", 4195, 28, 5.5, 0.989, 0.13344210970619],
				["EcBook16_170_c", 4200, 37, 6.5, 0.971, 0.218906497622821],
				["EcBook16_170_g", 4204, 37, 7.5, 0.971, 0.226461965134707],
				["EcBook16_93_100a", 4236, 19, 5.5, 0.997, 0.106713910388315],
				["EcBook16_93_100an", 4237, 19, 5.5, 0.997, 9.99354837583531E-02],
				["EcBook16_95_3a", 4244, 28, 6.5, 0.98, 0.352166798226079],
				["EcBook16_95_3an", 4245, 28, 6.5, 0.98, 0.236099715998738],
				["EcBook19_59_1", 4254, 19, 7.46, 0.997, 0.178209821203179],
				["EcBook19_62_5", 4273, 12, 6.5, 0.997, 6.32929228998736E-02],
				["EcBook19_62_6", 4274, 12, 6.5, 0.997, 0.052887847962658],
				["EcBook19_67_3", 4291, 37, 6.5, 0.997, 0.643539525799178],
				["EcBook19_67_4", 4292, 37, 6.5, 0.997, 0.595829868781223],
				["EcBook19_68_1", 4297, 19, 6.5, 0.997, 0.194665264887693],
				["EcBook19_69_2", 4301, 28, 6.5, 0.997, 0.348106287187418],
				["EcBook19_69_3", 4302, 28, 6.5, 0.997, 0.397530216643658],
				["EcBook19_78_1", 4320, 28, 6.5, 0.971, 0.192943231333913],
				["EcBook19_78_2", 4321, 28, 6.5, 0.971, 0.192208781410062],
				["EcBook19_78_3", 4322, 28, 6.5, 0.971, 0.180626822393166],
				["EcBook19_78_4", 4323, 28, 6.5, 0.971, 0.360086214048958],
				["J120_Ec", 5191, 37, 5.8, 0.977, -0.0714]
			]
		},
		{
			"cons":150,
			"data":[
				["EcBook16_125_15a", 4125, 19, 5.5, 0.997, 1.67158748871967E-02],
				["EcBook16_125_15an", 4126, 19, 5.5, 0.997, -1.56500572737686E-03],
				["EcBook16_128_2a", 4133, 28, 6.5, 0.989, 0.375358445127289],
				["EcBook16_128_2an", 4134, 28, 6.5, 0.989, 0.30684298965261],
				["EcBook16_151_1", 4185, 37, 5.5, 0.971, 0.118803413415608],
				["EcBook16_151_1an", 4186, 37, 5.5, 0.971, -2.56487364803535E-02],
				["EcBook16_95_2a", 4242, 28, 6.5, 0.989, 0.254757021142316],
				["EcBook16_95_2an", 4243, 28, 6.5, 0.989, 0.23663142947302],
				["EcBook19_14_1", 4248, 28, 6.5, 0.997, 0.567804558228881],
				["EcBook19_14_2", 4249, 28, 6.5, 0.997, 0.665258483946161],
				["EcBook19_14_3", 4250, 28, 6.5, 0.98, 0.40790348586364],
				["EcBook19_14_4", 4251, 28, 6.5, 0.98, 0.366007155514103],
				["EcBook19_14_5", 4252, 28, 6.5, 0.971, 0.123246661479763],
				["EcBook19_14_6", 4253, 28, 6.5, 0.971, 0.175539773157436],
				["EcBook19_62_21", 4261, 19, 5.5, 0.997, -2.59611500752763E-03],
				["EcBook19_62_22", 4262, 19, 5.5, 0.997, -9.22575551720339E-03],
				["EcBook19_62_27", 4267, 19, 5.5, 0.997, 0.151063181600424],
				["EcBook19_62_28", 4268, 19, 5.5, 0.997, 0.18583301829257],
				["EcBook19_62_7", 4275, 12, 6.5, 0.997, 0.057889727771027],
				["EcBook19_62_8", 4276, 12, 6.5, 0.997, 4.31136697697207E-02],
				["EcBook19_67_5", 4293, 37, 6.5, 0.997, 0.618070891536464],
				["EcBook19_67_6", 4294, 37, 6.5, 0.997, 0.777433363030146],
				["EcBook19_68_2", 4298, 19, 6.5, 0.997, 0.179184242401864],
				["EcBook19_72_1", 4304, 28, 6.5, 0.971, 0.193066472690007],
				["EcBook19_72_2", 4305, 28, 6.5, 0.971, 0.194554109938709],
				["EcBook19_72_3", 4306, 28, 6.5, 0.971, 0.216690885334282],
				["EcBook19_72_4", 4307, 28, 6.5, 0.971, 0.20747469894184],
				["EcBook19_79_1", 4324, 28, 6.5, 0.971, 0.23729079035551],
				["EcBook19_79_2", 4325, 28, 6.5, 0.971, 0.22825615376179]
			]
		},
		{
			"cons":50,
			"data":[
				["EcBook16_125_5a", 4127, 19, 5.5, 0.997, 0.132868033708784],
				["EcBook16_125_5an", 4128, 19, 5.5, 0.997, 6.20072890384077E-02],
				["EcBook16_154_3", 4196, 28, 5.5, 0.98, 0.506372974013288],
				["EcBook16_154_3an", 4197, 28, 5.5, 0.98, 5.08246265077915E-02],
				["EcBook16_170_b", 4199, 37, 6.5, 0.971, 0.223161648177496],
				["EcBook16_170_f", 4203, 37, 7.5, 0.971, 0.228534072900158],
				["EcBook16_172_1", 4206, 12, 5.5, 0.98, -1.96622660516409E-03],
				["EcBook16_172_1an", 4207, 12, 5.5, 0.98, -0.010760635020265],
				["EcBook16_173_b", 4219, 37, 6.5, 0.971, 0.318226052812373],
				["EcBook16_173_d", 4221, 37, 7.5, 0.971, 0.262513358797884],
				["EcBook16_93_50a", 4238, 19, 5.5, 0.997, 0.153312281572342],
				["EcBook16_93_50an", 4239, 19, 5.5, 0.997, 5.46439905256864E-02],
				["EcBook19_62_25", 4265, 19, 5.5, 0.997, 0.161140586148976],
				["EcBook19_62_26", 4266, 19, 5.5, 0.997, 0.174669930179573],
				["EcBook19_62_3", 4270, 12, 6.5, 0.997, 0.046890004899559],
				["EcBook19_62_4", 4272, 12, 6.5, 0.997, 0.042577168054875],
				["EcBook19_65_5", 4284, 28, 6.5, 0.997, 0.589445611812734],
				["EcBook19_65_6", 4285, 28, 6.5, 0.997, 0.569096211290893],
				["EcBook19_67_1", 4289, 37, 6.5, 0.997, 0.824470076502484],
				["EcBook19_67_2", 4290, 37, 6.5, 0.997, 0.626895069955405],
				["EcBook19_76_3", 4314, 28, 6.5, 0.971, 0.210581769834199],
				["EcBook19_76_4", 4315, 28, 6.5, 0.971, 0.245630982281141],
				["EcBook19_76_5", 4316, 28, 6.5, 0.971, 0.210533597003007],
				["EcBook19_76_6", 4317, 28, 6.5, 0.971, 0.244401844959471],
				["EcBook19_76_7", 4318, 28, 6.5, 0.971, 0.220932871889456],
				["EcBook19_76_8", 4319, 28, 6.5, 0.971, 0.22024443197672],
				["J119_Ec", 5190, 37, 5.8, 0.977, -0.009999]
			]
		},
		{
			"cons":200,