{
	"name":"NaCl",
	"datasets":[
		{
			"cons":2.5,
			"data":[
				["E04", 24005, 2, 5.55, 0.986, 0.02836],
				["E05", 24006, 2, 5.97, 0.986, 0.02859],
				["E06", 24007, 2, 7.32, 0.986, 0.02847],
				["E116", 24015, 10, 4.45, 0.986, 0.09883],
				["E117", 24016, 10, 5.11, 0.986, 0.06594],
				["E118", 24017, 10, 5.95, 0.986, 0.1663],
				["E119", 24018, 10, 7.08, 0.986, 0.1454],
				["E144", 24029, 14.9, 4.47, 0.986, 0.2431],
				["E145", 24030, 14.9, 4.81, 0.986, 0.1739],
				["E146", 24031, 14.9, 5.27, 0.986, 0.2252],
				["E147", 24032, 14.9, 5.97, 0.986, 0.2482],
				["E148", 24033, 14.9, 7.06, 0.986, 0.2348],
				["E19", 24046, 2, 4.99, 0.986, 0.0405],
				["E35", 24053, 20, 5.01, 0.986, 0.3694],
				["E36", 24054, 20, 6.02, 0.986, 0.492],
				["E37", 24055, 20, 7.23, 0.986, 0.4441],
				["E64", 24075, 4, 5.11, 0.986, 0.03059],
				["E65", 24076, 4, 5.51, 0.986, 0.08303],
				["E66", 24077, 4, 6, 0.986, 0.07459],
				["E67", 24078, 4, 7.04, 0.986, 0.1345],
				["E87", 24091, 6.8, 4.54, 0.986, 0.02271],
				["E88", 24092, 6.8, 5.1, 0.986, 0.05927],
				["E89", 24093, 6.8, 6.06, 0.986, 0.08225],
				["E90", 24094, 6.8, 7.12, 0.986, 0.1148]
			]
		},
		{
			"cons":4.5,
			"data":[
				["E09", 24008, 2, 7.27, 0.974, 0.01863],
				["E151", 24034, 14.9, 5.3, 0.974, 0.08625],
				["E152", 24035, 14.9, 5.94, 0.974, 0.1406],
				["E153", 24036, 14.9, 7.01, 0.974, 0.2286],
				["E20", 24047, 2, 4.94, 0.974, 0.01048],
				["E39", 24056, 20, 4.58, 0.974, 0.1266],
				["E40", 24057, 20, 5.06, 0.974, 0.4517],
				["E41", 24058, 20, 5.93, 0.974, 0.3811],
				["E42", 24059, 20, 7.4, 0.974, 0.3928],
				["E68", 24079, 4, 5.11, 0.974, 0.02576],
				["E69", 24080, 4, 5.58, 0.974, 0.03052],
				["E70", 24081, 4, 6, 0.974, 0.03882],
				["E71", 24082, 4, 6.43, 0.974, 0.06624],
				["E72", 24083, 4, 7.09, 0.974, 0.07965],
				["E93", 24095, 6.8, 5.13, 0.974, 0.04582]
			]
		},
		{
			"cons":6.5,
			"data":[
				["E105", 24009, 6.8, 7.04, 0.961, 0.03779],
				["E131", 24023, 10, 5.9, 0.961, 0.06527],
				["E161", 24039, 14.9, 5.8, 0.961, 0.1144],
				["E162", 24040, 14.9, 6.21, 0.961, 0.08112],
				["E163", 24041, 14.9, 6.95, 0.961, 0.127],
				["E23", 24048, 2, 6.33, 0.961, 0.01342],
				["E50", 24065, 20, 5.54, 0.961, 0.1354],
				["E51", 24066, 20, 6.04, 0.961, 0.2078],
				["E52", 24067, 20, 7.21, 0.961, 0.1786],
				["E77", 24086, 4, 6.43, 0.961, 0.03312],
				["E78", 24087, 4, 7.04, 0.961, 0.01549]
			]
		},
		{
			"cons":5.5,
			"data":[
				["E12", 24019, 2, 6.4, 0.967, 0.01464],
				["E125", 24020, 10, 4.95, 0.967, 0.05966],
				["E126", 24021, 10, 4.51, 0.967, 0.0822],
				["E127", 24022, 10, 6, 0.967, 0.1383],
				["E157", 24037, 14.9, 5.74, 0.967, 0.09458],
				["E158", 24038, 14.9, 6.98, 0.967, 0.1551],
				["E43", 24060, 20, 4.61, 0.967, 0.1738],
				["E44", 24061, 20, 5.12, 0.967, 0.1758],
				["E45", 24062, 20, 5.49, 0.967, 0.2907],
				["E46", 24063, 20, 6.06, 0.967, 0.3082],
				["E47", 24064, 20, 7.15, 0.967, 0.4292],
				["E74", 24084, 4, 6.42, 0.967, 0.03491],
				["E75", 24085, 4, 7.07, 0.967, 0.03519],
				["E98", 24096, 6.8, 5.93, 0.967, 0.04441],
				["E99", 24097, 6.8, 6.5, 0.967, 0.05711]
			]
		}	
]
}
