{
	"name":"lactic_acid",
	"datasets":[
		{
			"cons":13777,
			"data":[
				["Tas1", 35630, 0.5, 5.55, 0.993, -0.009999],
				["Tas2", 35631, 5.8, 5.55, 0.993, 0.02924],
				["Tas3", 35632, 9.2, 5.55, 0.993, 0.09684],
				["Tas4", 35633, 12.3, 5.55, 0.993, 0.1877],
				["Tas5", 35634, 15.1, 5.55, 0.993, 0.276],
				["Tas6", 35635, 17.6, 5.55, 0.993, 0.401],
				["Tas7", 35636, 20.4, 5.55, 0.993, 0.5465],
				["Tas8", 35637, 22.8, 5.55, 0.993, 0.6942],
				["Tas9", 35638, 25.4, 5.55, 0.993, 0.8922],
				["Tas10", 35639, 28, 5.55, 0.993, 0.9972],
				["Tas11", 35640, 31, 5.55, 0.993, 1.264],
				["Tas12", 35641, 33.8, 5.55, 0.993, 1.373],
				["Tas13", 35642, 36.7, 5.55, 0.993, 1.454],
				["Tas14", 35643, 40.3, 5.55, 0.993, 1.368]
			]
		},
		{
			"cons":9008,
			"data":[
				["Tas15", 35644, 2.9, 6.05, 0.993, -0.009999],
				["Tas16", 35645, 7.2, 6.05, 0.993, 0.07836],
				["Tas17", 35646, 10.7, 6.05, 0.993, 0.1743],
				["Tas18", 35647, 13.6, 6.05, 0.993, 0.3092],
				["Tas19", 35648, 16.4, 6.05, 0.993, 0.4373],
				["Tas20", 35649, 19.1, 6.05, 0.993, 0.627],
				["Tas21", 35650, 21.6, 6.05, 0.993, 0.8106],
				["Tas22", 35651, 24.3, 6.05, 0.993, 1.08],
				["Tas23", 35652, 26.9, 6.05, 0.993, 1.241],
				["Tas24", 35653, 29.4, 6.05, 0.993, 1.444],
				["Tas25", 35654, 32.1, 6.05, 0.993, 1.606],
				["Tas26", 35655, 35.2, 6.05, 0.993, 1.962],
				["Tas27", 35656, 38.1, 6.05, 0.993, 1.873],
				["Tas28", 35657, 42, 6.05, 0.993, 1.518],
				["Tas29", 35658, 47, 6.05, 0.993, 0.009108]
			]
		}	
]
}
