{
	"name":"NaCl",
	"datasets":[
		{
			"cons":6.5,
			"data":[
				["L10", 24099, 20, 4.95, 0.961, 0.1641],
				["l118c2", 24109, 6, 5.8, 0.961, 0.02613],
				["l119c2", 24110, 6, 6.41, 0.961, 0.0209],
				["L32", 24139, 20, 6.43, 0.961, 0.03912],
				["L55", 24159, 14.7, 3.99, 0.961, 0.01623],
				["L56", 24160, 14.7, 4.48, 0.961, 0.03112],
				["L57", 24161, 14.7, 4.96, 0.961, 0.02254],
				["L58", 24162, 14.7, 5.68, 0.961, 0.03689],
				["L8", 24183, 20, 3.95, 0.961, 0.05679],
				["L85", 24189, 9.66, 4.52, 0.961, 0.01202],
				["L86", 24190, 9.66, 4.92, 0.961, 0.005672],
				["L86c2", 24191, 10, 5.06, 0.961, 0.04124],
				["L87", 24192, 9.66, 5.28, 0.961, 0.01361],
				["L88", 24193, 9.66, 5.62, 0.961, 0.002192],
				["L88c2", 24194, 10, 5.73, 0.961, 0.02995],
				["L9", 24195, 20, 4.45, 0.961, 0.07194]
			]
		},
		{
			"cons":2.5,
			"data":[
				["l102c2", 24100, 6, 5.03, 0.986, 0.01311],
				["l103c2", 24101, 6, 5.76, 0.986, 0.0351],
				["l104c2", 24102, 6, 6.56, 0.986, 0.07519],
				["L163C2", 24117, 4, 5.87, 0.986, 0.02539],
				["L164c2", 24118, 4, 7.07, 0.986, 0.02592],
				["L19", 24123, 20, 5, 0.986, 0.1332],
				["L2", 24124, 20, 3.98, 0.986, 0.1049],
				["L20", 24125, 20, 5.69, 0.986, 0.1345],
				["L27", 24133, 20, 6.57, 0.986, 0.1375],
				["L41", 24146, 14.7, 4.57, 0.986, 0.07716],
				["L42", 24147, 14.7, 4.95, 0.986, 0.1075],
				["L43", 24148, 14.7, 5.56, 0.986, 0.06902],
				["L44", 24149, 14.7, 7.05, 0.986, 0.01331],
				["L70", 24174, 9.66, 4.11, 0.986, 0.009087],
				["L71", 24175, 9.66, 4.55, 0.986, 0.009448],
				["L71c2", 24176, 10, 4.55, 0.986, 0.01865],
				["L73", 24177, 9.66, 5.76, 0.986, 0.01743],
				["L74", 24178, 9.66, 6.8, 0.986, 0.01079]
			]
		},
		{
			"cons":4.5,
			"data":[
				["l107c2", 24103, 6, 5.04, 0.974, 0.009356],
				["l108c2", 24104, 6, 5.77, 0.974, 0.02755],
				["l109c2", 24105, 6, 6.61, 0.974, 0.03846],
				["L14", 24113, 20, 4.97, 0.974, 0.1175],
				["l168c2", 24119, 4, 5.82, 0.974, 0.01113],
				["L169c2", 24120, 4, 7.09, 0.974, 0.02205],
				["L28", 24134, 20, 5.67, 0.974, 0.08188],
				["L29", 24135, 20, 6.45, 0.974, 0.07486],
				["L3", 24136, 20, 4, 0.974, 0.1519],
				["L4", 24145, 20, 4.5, 0.974, 0.1379],
				["L46", 24150, 14.7, 4.53, 0.974, 0.02877],
				["L47", 24151, 14.7, 4.99, 0.974, 0.0739],
				["L48", 24152, 14.7, 5.64, 0.974, 0.0567],
				["L76", 24179, 9.66, 4.56, 0.974, 0.007132],
				["L76c2", 24180, 10, 4.59, 0.974, 0.01374],
				["L78", 24181, 9.66, 5.7, 0.974, 0.01404],
				["L78c2", 24182, 10, 5.79, 0.974, 0.075]
			]
		},
		{
			"cons":5.5,
			"data":[
				["l111c2", 24107, 6, 4.55, 0.967, 0.02292],
				["l112c2", 24108, 6, 5.05, 0.967, 0.02374],
				["l174c2", 24122, 4, 6.54, 0.967, 0.01757],
				["l201c2", 24127, 4, 5.29, 0.967, 0.003211],
				["l203c2", 24129, 4, 6.39, 0.967, 0.01248],
				["L30", 24137, 20, 5.63, 0.967, 0.0486],
				["L31", 24138, 20, 6.43, 0.967, 0.04883],
				["L5", 24153, 20, 4, 0.967, 0.06005],
				["L50", 24154, 14.7, 4, 0.967, 0.01741],
				["L51", 24155, 14.7, 4.52, 0.967, 0.03291],
				["L52", 24156, 14.7, 4.97, 0.967, 0.02985],
				["L53", 24157, 14.7, 5.68, 0.967, 0.02792],
				["L54", 24158, 14.7, 6.82, 0.967, 0.01484],
				["L6", 24163, 20, 4.48, 0.967, 0.09002],
				["L7", 24173, 20, 4.97, 0.967, 0.2737],
				["L80", 24184, 9.66, 4.49, 0.967, 0.02716],
				["L81", 24185, 9.66, 4.98, 0.967, 0.03241],
				["L81c2", 24186, 10, 5.02, 0.967, 0.03208],
				["L83", 24187, 9.66, 5.73, 0.967, 0.01934],
				["L83c2", 24188, 10, 5.75, 0.967, 0.08848]
			]
		},
		{
			"cons":4.3,
			"data":[
				["Tas631", 35969, 4, 5.5, 0.975, 0.0004668],
				["Tas632", 35970, 8, 5.5, 0.975, 0.021],
				["Tas633", 35971, 20, 5.5, 0.975, 0.2666],
				["Tas634", 35972, 30, 5.5, 0.975, 0.6931],
				["Tas635", 35973, 4, 5.5, 0.975, 0.001575],
				["Tas636", 35974, 8, 5.5, 0.975, 0.01386],
				["Tas637", 35975, 20, 5.5, 0.975, 0.1216],
				["Tas638", 35976, 30, 5.5, 0.975, 0.2888],
				["Tas639", 35977, 4, 5.5, 0.975, 0.02039],
				["Tas640", 35978, 8, 5.5, 0.975, 0.04621],
				["Tas641", 35979, 20, 5.5, 0.975, 0.1691],
				["Tas642", 35980, 30, 5.5, 0.975, 0.3466],
				["Tas680", 36000, 5, 5.5, 0.975, 0.002764],
				["Tas681", 36001, 7.4, 5.5, 0.975, 0.006906],
				["Tas682", 36002, 9.7, 5.5, 0.975, 0.01382],
				["Tas683", 36003, 12.7, 5.5, 0.975, 0.01382],
				["Tas684", 36004, 15.1, 5.5, 0.975, 0.04147],
				["Tas685", 36005, 17.8, 5.5, 0.975, 0.04147],
				["Tas686", 36006, 20.5, 5.5, 0.975, 0.08304],
				["Tas687", 36007, 22.6, 5.5, 0.975, 0.1106],
				["Tas688", 36008, 25, 5.5, 0.975, 0.1245],
				["Tas689", 36009, 27.3, 5.5, 0.975, 0.1934],
				["Tas690", 36010, 29.6, 5.5, 0.975, 0.208],
				["Tas691", 36011, 31.8, 5.5, 0.975, 0.2491],
				["Tas692", 36012, 6.1, 5.5, 0.975, 0.005527],
				["Tas693", 36013, 8.5, 5.5, 0.975, 0.009672],
				["Tas694", 36014, 11.5, 5.5, 0.975, 0.01341],
				["Tas695", 36015, 13.5, 5.5, 0.975, 0.02764],
				["Tas696", 36016, 16.4, 5.5, 0.975, 0.04147],
				["Tas697", 36017, 17.7, 5.5, 0.975, 0.04147],
				["Tas698", 36018, 21.3, 5.5, 0.975, 0.06906],
				["Tas699", 36019, 23.4, 5.5, 0.975, 0.06906],
				["Tas700", 36020, 25.1, 5.5, 0.975, 0.08304],
				["Tas701", 36021, 27.9, 5.5, 0.975, 0.06906],
				["Tas702", 36022, 30.4, 5.5, 0.975, 0.0553],
				["Tas703", 36023, 32.2, 5.5, 0.975, 0.08304],
				["Tas704", 36024, 4.7, 5.5, 0.975, 0.01341],
				["Tas705", 36025, 7.2, 5.5, 0.975, 0.008291],
				["Tas706", 36026, 10.8, 5.5, 0.975, 0.02763],
				["Tas707", 36027, 13.4, 5.5, 0.975, 0.04146],
				["Tas708", 36028, 16, 5.5, 0.975, 0.0553],
				["Tas709", 36029, 19, 5.5, 0.975, 0.1106],
				["Tas710", 36030, 20.4, 5.5, 0.975, 0.09672],
				["Tas711", 36031, 22.5, 5.5, 0.975, 0.1245],
				["Tas712", 36032, 27.6, 5.5, 0.975, 0.1523],
				["Tas713", 36033, 29.8, 5.5, 0.975, 0.1523],
				["Tas714", 36034, 32.1, 5.5, 0.975, 0.18]
			]
		}	
]
}
