{
	"name":"acetic_acid",
	"datasets":[
		{
			"cons":5000,
			"data":[
				["B117_12", 13057, 20, 5.5, 0.997, 0.03279],
				["B117_20", 13064, 12, 6.9, 0.997, 0.1502],
				["B117_25", 13069, 12, 6, 0.997, 0.04002],
				["B117_3", 13074, 20, 7, 0.997, 0.4405],
				["B117_30", 13075, 8, 7, 0.997, 0.06747],
				["B117_34", 13079, 4, 7, 0.997, 0.02927],
				["B117_40", 13086, 8, 6, 0.997, 0.01672],
				["B117_7", 13108, 20, 6, 0.997, 0.1956],
				["B412_131", 15034, 12, 4.5, 0.997, -0.05862],
				["B412_151", 15049, 12, 5, 0.997, -0.003074],
				["B412_152", 15050, 12, 5.5, 0.997, -0.003643],
				["B412_162", 15055, 4, 4.5, 0.997, -0.01438],
				["B412_163", 15056, 4, 5.5, 0.997, -0.0005059],
				["B412_164", 15057, 4, 6, 0.997, 0.00299],
				["B412_168", 15060, 12, 3.5, 0.997, -1.231],
				["B412_178", 15069, 12, 3.5, 0.997, -0.8699],
				["B412_181", 15072, 8, 4.4, 0.997, -0.01544],
				["B412_182", 15073, 8, 5.5, 0.997, -0.003463],
				["B412_184", 15075, 20, 5, 0.997, -0.008982],
				["B412_190", 15076, 20, 4, 0.997, -0.04191],
				["B412_192", 15078, 8, 5.1, 0.997, -0.007276],
				["B412_195", 15081, 4, 5.1, 0.997, -0.007635],
				["B412_221", 15100, 12, 4, 0.997, -0.1585],
				["B412_688", 15176, 12, 5.5, 0.997, -0.001367],
				["B412_784", 15181, 4, 3.5, 0.997, -0.04826],
				["B412_786", 15183, 20, 3.5, 0.997, -0.1008],
				["B412_788", 15185, 8, 3.5, 0.997, -0.05185]
			]
		},
		{
			"cons":7500,
			"data":[
				["B117_13", 13058, 20, 5.5, 0.997, -0.002519],
				["B117_21", 13065, 12, 7, 0.997, 0.1271],
				["B117_26", 13070, 12, 6, 0.997, 0.02191],
				["B117_31", 13076, 8, 7, 0.997, 0.05618],
				["B117_50", 13097, 4, 7, 0.997, 0.02309],
				["B117_8", 13109, 20, 6, 0.997, 0.09786],
				["B412_147", 15045, 8, 6.1, 0.997, 0.0065],
				["B412_153", 15051, 12, 5, 0.997, -0.002218],
				["B412_154", 15052, 12, 5.5, 0.997, -0.003231],
				["B412_165", 15058, 4, 6, 0.997, -0.002811],
				["B412_171", 15063, 20, 5.5, 0.997, -0.007],
				["B412_174", 15066, 8, 5, 0.997, -0.006889],
				["B412_176", 15068, 4, 5, 0.997, -0.003783],
				["B412_180", 15071, 8, 3.9, 0.997, -0.3209],
				["B412_183", 15074, 4, 3.9, 0.997, -0.247],
				["B412_193", 15079, 8, 5.6, 0.997, -0.0009489],
				["B412_196", 15082, 4, 5.5, 0.997, -0.0005501],
				["B412_238", 15109, 4, 3.5, 0.997, -0.08769],
				["B412_783", 15180, 20, 3.5, 0.997, -0.07693]
			]
		},
		{
			"cons":10000,
			"data":[
				["B117_14", 13059, 20, 5.5, 0.997, -0.007727],
				["B117_22", 13066, 12, 7, 0.997, 0.1087],
				["B117_27", 13071, 12, 6, 0.997, 0.006839],
				["B117_32", 13077, 8, 7, 0.997, 0.04753],
				["B117_4", 13085, 20, 7, 0.997, 0.3307],
				["B117_51", 13098, 4, 7, 0.997, 0.02073],
				["B117_9", 13110, 20, 6, 0.997, 0.04725],
				["B412_132", 15035, 12, 4.5, 0.997, -0.05512],
				["B412_133", 15036, 12, 5.5, 0.997, -0.002369],
				["B412_138", 15037, 20, 4.5, 0.997, -0.01367],
				["B412_139", 15038, 20, 4.5, 0.997, -0.02775],
				["B412_140", 15040, 8, 5.5, 0.997, -0.0005846],
				["B412_141", 15041, 8, 4.5, 0.997, -0.03937],
				["B412_142", 15042, 4, 5.5, 0.997, -0.000656],
				["B412_166", 15059, 4, 4.5, 0.997, -0.03878],
				["B412_169", 15061, 12, 3.5, 0.997, -2.193],
				["B412_173", 15065, 8, 6, 0.997, -0.0005303],
				["B412_179", 15070, 12, 3.5, 0.997, -1.064],
				["B412_219", 15098, 20, 4, 0.997, -0.1467],
				["B412_220", 15099, 12, 4, 0.997, -0.3396],
				["B412_222", 15101, 8, 4, 0.997, -0.1108],
				["B412_223", 15102, 4, 4, 0.997, -0.103],
				["B412_785", 15182, 4, 3.5, 0.997, -0.09581],
				["B412_787", 15184, 20, 3.5, 0.997, -0.1033],
				["B412_789", 15186, 8, 3.5, 0.997, -0.1002]
			]
		},
		{
			"cons":2500,
			"data":[
				["B117_2", 13063, 20, 7, 0.997, 0.4635],
				["B117_24", 13068, 12, 6, 0.997, 0.07826],
				["B117_29", 13073, 8, 7, 0.997, 0.07939],
				["B117_33", 13078, 4, 7, 0.997, 0.03371],
				["B117_56", 13103, 8, 5.5, 0.997, 0.003067],
				["B117_6", 13107, 20, 6, 0.997, 0.256],
				["B412_145", 15043, 8, 5.1, 0.997, -0.002731],
				["B412_146", 15044, 8, 5.6, 0.997, 0.003074],
				["B412_148", 15046, 4, 5.5, 0.997, -0.001135],
				["B412_149", 15047, 12, 4.5, 0.997, -0.01548],
				["B412_150", 15048, 12, 5, 0.997, -0.00455],
				["B412_161", 15054, 4, 5, 0.997, -0.003],
				["B412_170", 15062, 20, 5, 0.997, -0.005236],
				["B412_172", 15064, 20, 4.5, 0.997, -0.02342],
				["B412_175", 15067, 4, 6, 0.997, 0.007254],
				["B412_191", 15077, 8, 4.5, 0.997, -0.02542],
				["B412_194", 15080, 4, 4.5, 0.997, -0.0181],
				["B412_197", 15083, 4, 4, 0.997, -0.0712],
				["B412_583", 15163, 20, 5.5, 0.997, 0.1335],
				["B412_610", 15166, 20, 5, 0.997, -0.003744],
				["B412_630", 15171, 12, 7, 0.997, 0.1447]
			]
		}	
]
}
