{
	"name":"NaCl",
	"datasets":[
		{
			"cons":1,
			"data":[
				["PS10", 5299, 0, 6.2, 0.995, 4.50490751649434E-02],
				["PS103", 5303, 7, 5.5, 0.995, 5.44494279094566E-02],
				["PS104", 5304, 7, 5.8, 0.995, 8.66419258167365E-02],
				["PS105", 5305, 7, 6, 0.995, 5.61782921642153E-02],
				["PS106", 5306, 7, 6.2, 0.995, 5.52486214913799E-02],
				["PS107", 5307, 7, 6.5, 0.995, 0.053085093897878],
				["PS108", 5308, 7, 7, 0.995, 5.57030846971138E-02],
				["PS11", 5310, 0, 6.5, 0.995, 2.46482361206829E-02],
				["PS12", 5321, 0, 7, 0.995, 2.14116382798126E-02],
				["PS139", 5342, 10, 5.5, 0.995, 0.062208963104591],
				["PS140", 5344, 10, 5.8, 0.995, 0.059293502586268],
				["PS141", 5345, 10, 6, 0.995, 0.710749444122251],
				["PS142", 5346, 10, 6.2, 0.995, 6.20446184735372E-02],
				["PS143", 5347, 10, 6.5, 0.995, 0.173485146421005],
				["PS144", 5348, 10, 7, 0.995, 0.629001301395825],
				["PS175", 5382, 15, 5.5, 0.995, 0.151876359612656],
				["PS176", 5383, 15, 5.8, 0.995, 0.122780048179701],
				["PS177", 5384, 15, 6, 0.995, 0.121413215705119],
				["PS178", 5385, 15, 6.2, 0.995, 0.128427557822421],
				["PS179", 5386, 15, 6.5, 0.995, 0.137693858397203],
				["PS180", 5388, 15, 7, 0.995, 0.148869345329734],
				["PS37", 5433, 2, 5.5, 0.995, 3.71646329191158E-02],
				["PS38", 5434, 2, 5.8, 0.995, 3.94904505669604E-02],
				["PS39", 5435, 2, 6, 0.995, 0.136827307871764],
				["PS40", 5437, 2, 6.2, 0.995, 0.051927551812931],
				["PS41", 5438, 2, 6.5, 0.995, 4.49329179982029E-02],
				["PS42", 5439, 2, 7, 0.995, 3.36670982125205E-02],
				["PS68", 5467, 5, 5.5, 0.995, 6.33237501512183E-02],
				["PS69", 5468, 5, 5.8, 0.995, 0.292812688021185],
				["PS7", 5469, 0, 5.5, 0.995, 1.75228920704645E-02],
				["PS70", 5470, 5, 6, 0.995, 7.21614102032573E-02],
				["PS71", 5471, 5, 6.2, 0.995, 8.67896767917597E-02],
				["PS72", 5472, 5, 6.5, 0.995, 8.80767457739879E-02],
				["PS73", 5473, 5, 7, 0.995, 6.40102188443151E-02],
				["PS8", 5480, 0, 5.8, 0.995, 4.90548679335264E-02],
				["PS9", 5491, 0, 6, 0.995, 4.45382961517979E-02]
			]
		},
		{
			"cons":2,
			"data":[
				["PS109", 5309, 7, 5.5, 0.989, 0.578391802052914],
				["PS110", 5311, 7, 5.8, 0.989, 6.54106625843243E-02],
				["PS111", 5312, 7, 6, 0.989, 7.67143601945436E-02],
				["PS112", 5313, 7, 6.2, 0.989, 5.03861085287407E-02],
				["PS113", 5314, 7, 6.5, 0.989, 9.74725023753566E-02],
				["PS114", 5315, 7, 7, 0.989, 5.46172003489246E-02],
				["PS13", 5332, 0, 5.5, 0.989, 1.17771464646465E-02],
				["PS14", 5343, 0, 5.8, 0.989, 1.47524350649351E-02],
				["PS145", 5349, 10, 5.5, 0.989, 6.72645124032674E-02],
				["PS146", 5350, 10, 5.8, 0.989, 0.138152359908547],
				["PS147", 5351, 10, 6, 0.989, 0.13525831890173],
				["PS148", 5352, 10, 6.2, 0.989, 6.25802896456967E-02],
				["PS149", 5353, 10, 6.5, 0.989, 6.31547303324052E-02],
				["PS15", 5354, 0, 6, 0.989, 2.44804702757027E-02],
				["PS150", 5355, 10, 7, 0.989, 5.76119596242264E-02],
				["PS16", 5365, 0, 6.2, 0.989, 0.014847132034632],
				["PS17", 5376, 0, 6.5, 0.989, 1.44805194805195E-02],
				["PS18", 5387, 0, 7, 0.989, 1.55582611832612E-02],
				["PS181", 5389, 15, 5.5, 0.989, 0.569752000009403],
				["PS182", 5390, 15, 5.8, 0.989, 0.155077443189981],
				["PS183", 5391, 15, 6, 0.989, 0.188430850059583],
				["PS184", 5392, 15, 6.2, 0.989, 0.170149403821614],
				["PS185", 5393, 15, 6.5, 0.989, 0.101428453861399],
				["PS186", 5394, 15, 7, 0.989, 0.123648867637922],
				["PS43", 5440, 2, 5.5, 0.989, 5.62306059825379E-02],
				["PS44", 5441, 2, 5.8, 0.989, 4.30743026385499E-02],
				["PS45", 5442, 2, 6, 0.989, 3.06293820125868E-02],
				["PS46", 5443, 2, 6.2, 0.989, 4.72706271063663E-02],
				["PS47", 5444, 2, 6.5, 0.989, 6.28294253107158E-02],
				["PS48", 5445, 2, 7, 0.989, 3.83619966112322E-02],
				["PS74", 5474, 5, 5.5, 0.989, 4.74378508819477E-02],
				["PS75", 5475, 5, 5.8, 0.989, 0.101451472435219],
				["PS76", 5476, 5, 6, 0.989, 8.28544765003326E-02],
				["PS77", 5477, 5, 6.2, 0.989, 2.48155120481928E-02],
				["PS78", 5478, 5, 6.5, 0.989, 2.19534753363229E-02],
				["PS79", 5479, 5, 7, 0.989, 0.030513182273057]
			]
		},
		{
			"cons":3,
			"data":[
				["PS115", 5316, 7, 5.5, 0.983, 3.32964036983743E-02],
				["PS116", 5317, 7, 5.8, 0.983, 0.474320758506037],
				["PS117", 5318, 7, 6, 0.983, 0.030915903891789],
				["PS118", 5319, 7, 6.2, 0.983, 3.04135127158551E-02],
				["PS119", 5320, 7, 6.5, 0.983, 8.78795627016874E-02],
				["PS120", 5322, 7, 7, 0.983, 0.312853185008715],
				["PS151", 5356, 10, 5.5, 0.983, 5.65103781060847E-02],
				["PS152", 5357, 10, 5.8, 0.983, 4.22775011236406E-02],
				["PS153", 5358, 10, 6, 0.983, 5.17729391484387E-02],
				["PS154", 5359, 10, 6.2, 0.983, 4.88048388545774E-02],
				["PS155", 5360, 10, 6.5, 0.983, 9.19713741396367E-02],
				["PS156", 5361, 10, 7, 0.983, 0.100762491180274],
				["PS187", 5395, 15, 5.5, 0.983, 0.559914729621805],
				["PS188", 5396, 15, 5.8, 0.983, 0.580918535055627],
				["PS189", 5397, 15, 6, 0.983, 7.33081729371336E-02],
				["PS19", 5398, 0, 5.5, 0.983, 7.26815448658649E-03],
				["PS190", 5399, 15, 6.2, 0.983, 0.123130721894794],
				["PS191", 5400, 15, 6.5, 0.983, 7.72869925759011E-02],
				["PS192", 5401, 15, 7, 0.983, 0.215403352038391],
				["PS20", 5410, 0, 5.8, 0.983, 1.27286255411255E-02],
				["PS21", 5416, 0, 6, 0.983, 0.025021069671173],
				["PS22", 5417, 0, 6.2, 0.983, 3.15528966246093E-02],
				["PS23", 5418, 0, 6.5, 0.983, 3.06353932093271E-02],
				["PS24", 5419, 0, 7, 0.983, 1.51564754689755E-02],
				["PS49", 5446, 2, 5.8, 0.983, 9.16825187367171E-02],
				["PS50", 5448, 2, 5.8, 0.983, 0.122579682637852],
				["PS51", 5449, 2, 6, 0.983, 3.82979153451328E-02],
				["PS52", 5450, 2, 6.2, 0.983, 5.90280858974159E-02],
				["PS53", 5451, 2, 6.5, 0.983, 4.14467253951152E-02],
				["PS54", 5452, 2, 7, 0.983, 0.111888698572238],
				["PS80", 5481, 5, 5.5, 0.983, 2.37106957673608E-02],
				["PS81", 5482, 5, 5.8, 0.983, 3.85123291380103E-02],
				["PS82", 5483, 5, 6, 0.983, 8.42010357677528E-02],
				["PS83", 5484, 5, 6.2, 0.983, 5.89653555758518E-02],
				["PS84", 5485, 5, 6.5, 0.983, 7.80742111456732E-02],
				["PS85", 5486, 5, 7, 0.983, 0.034549731272091]
			]
		},
		{
			"cons":4,