{
	"name":"nitrite",
	"datasets":[
		{
			"cons":150,
			"data":[
				["SaBook48_10_1", 3641, 37, 5.8, 0.915, 0.159],
				["SaBook48_10_2", 3642, 37, 7.3, 0.915, 0.301],
				["SaBook48_10_7", 3647, 37, 5.7, 0.974, 0.207],
				["SaBook48_10_8", 3648, 37, 7.4, 0.974, 0.475],
				["SaBook48_14_1", 3666, 19, 5.6, 0.915, -0.009999],
				["SaBook48_14_2", 3667, 19, 7.5, 0.915, 0.011],
				["SaBook48_14_7", 3672, 19, 5.6, 0.974, 0.132],
				["SaBook48_14_8", 3673, 19, 7.5, 0.974, 0.122],
				["SaBook48_18_1", 3711, 19, 5.9, 0.915, -0.005],
				["SaBook48_18_2", 3712, 19, 7.5, 0.915, 0.014],
				["SaBook48_18_7", 3717, 19, 5.8, 0.974, 0.131],
				["SaBook48_18_8", 3718, 19, 7.6, 0.974, 0.119],
				["SaBook48_20_1", 3719, 37, 5.8, 0.915, 0.458],
				["SaBook48_20_2", 3720, 37, 7.6, 0.915, 0.34],
				["SaBook48_20_7", 3725, 37, 5.7, 0.974, 0.302],
				["SaBook48_20_8", 3726, 37, 7.6, 0.974, 0.922],
				["SaBook48_28_1", 3747, 19, 5.7, 0.915, -0.003],
				["SaBook48_28_2", 3748, 19, 7.5, 0.915, -0.008],
				["SaBook48_28_7", 3753, 19, 5.6, 0.974, 0.074],
				["SaBook48_28_8", 3754, 19, 7.4, 0.974, 0.065],
				["SaBook48_40_8a", 3777, 37, 7.75, 0.95, 1.241],
				["SaBook48_40_8b", 3778, 37, 7.75, 0.95, 1.19],
				["SaBook48_40_8c", 3779, 37, 7.75, 0.95, 1.094],
				["SaBook48_50_3a", 3818, 19, 5.25, 0.983, -0.019],
				["SaBook48_50_3b", 3819, 19, 5.25, 0.983, -0.014],
				["SaBook48_50_3c", 3820, 19, 5.25, 0.983, -0.017],
				["SaBook48_50_4a", 3821, 19, 7.75, 0.983, 0.176],
				["SaBook48_50_4b", 3822, 19, 7.75, 0.983, 0.234],
				["SaBook48_50_4c", 3823, 19, 7.75, 0.983, 0.216],
				["SaBook48_50_7a", 3827, 19, 5.25, 0.95, -0.033],
				["SaBook48_50_7b", 3828, 19, 5.25, 0.95, -0.058],
				["SaBook48_50_7c", 3829, 19, 5.25, 0.95, -0.224],
				["SaBook48_53_8a", 3833, 19, 7.75, 0.95, 0.073],
				["SaBook48_53_8aa", 3834, 19, 7.75, 0.95, 0.057],
				["SaBook48_53_8b", 3835, 19, 7.75, 0.95, 0.061],
				["SaBook48_53_8bb", 3836, 19, 7.75, 0.95, 0.021],
				["SaBook48_53_8c", 3837, 19, 7.75, 0.95, 0.07],
				["SaBook48_53_8cc", 3838, 19, 7.75, 0.95, -0.009999],
				["SaBook48_8_1", 4010, 37, 5.8, 0.915, 0.363],
				["SaBook48_8_2", 4011, 37, 7.4, 0.915, 0.425],
				["SaBook48_8_7", 4016, 37, 5.7, 0.974, 0.373],
				["SaBook48_8_8", 4017, 37, 7.5, 0.974, 1.013]
			]
		},
		{
			"cons":50,
			"data":[
				["SaBook48_10_3", 3643, 37, 5.8, 0.915, 0.144],
				["SaBook48_10_4", 3644, 37, 7.3, 0.915, 0.183],
				["SaBook48_10_5", 3645, 37, 5.8, 0.974, 0.226],
				["SaBook48_10_6", 3646, 37, 7.4, 0.974, 0.479],
				["SaBook48_103_10", 3650, 19, 5.5, 0.88, -0.065],
				["SaBook48_14_3", 3668, 19, 5.4, 0.915, 0.014],
				["SaBook48_14_4", 3669, 19, 7.4, 0.915, 0.027],
				["SaBook48_14_5", 3670, 19, 5.5, 0.974, 0.128],
				["SaBook48_14_6", 3671, 19, 7.4, 0.974, 0.113],
				["SaBook48_147_08", 3682, 12, 6.5, 0.95, -0.009999],
				["SaBook48_147_13", 3687, 19, 6, 0.983, 0.265],
				["SaBook48_147_20", 3694, 19, 6.5, 0.88, 0.015],
				["SaBook48_147_21", 3695, 19, 7.5, 0.88, 0.009],
				["SaBook48_147_24", 3698, 28, 5.5, 0.967, 0.12],
				["SaBook48_147_28", 3702, 37, 6, 0.983, 1.024],
				["SaBook48_147_30", 3704, 37, 6, 0.95, 0.154],
				["SaBook48_18_3", 3713, 19, 5.9, 0.915, 0.021],
				["SaBook48_18_4", 3714, 19, 7.5, 0.915, 0.024],
				["SaBook48_18_5", 3715, 19, 5.8, 0.974, 0.104],
				["SaBook48_18_6", 3716, 19, 7.6, 0.974, 0.123],
				["SaBook48_20_3", 3721, 37, 5.8, 0.915, 0.354],
				["SaBook48_20_4", 3722, 37, 7.6, 0.915, 0.343],
				["SaBook48_20_5", 3723, 37, 5.7, 0.974, 0.564],
				["SaBook48_20_6", 3724, 37, 7.6, 0.974, 0.926],
				["SaBook48_28_3", 3749, 19, 5.7, 0.915, -0.009736],
				["SaBook48_28_4", 3750, 19, 7.5, 0.915, -0.017],
				["SaBook48_28_5", 3751, 19, 5.6, 0.974, 0.31],
				["SaBook48_28_6", 3752, 19, 7.5, 0.974, 0.064],
				["SaBook48_38_1a", 3764, 37, 5.25, 0.983, -0.124],
				["SaBook48_38_1b", 3765, 37, 5.25, 0.983, -0.151],
				["SaBook48_38_1c", 3766, 37, 5.25, 0.983, -0.509],
				["SaBook48_38_2a", 3767, 37, 7.75, 0.983, 2.017],
				["SaBook48_38_2b", 3768, 37, 7.75, 0.983, 2.075],
				["SaBook48_38_2c", 3769, 37, 7.75, 0.983, 1.955],
				["SaBook48_50_1a", 3813, 19, 5.25, 0.983, -0.009999],
				["SaBook48_50_1c", 3814, 19, 5.25, 0.983, 0.013],
				["SaBook48_50_2a", 3815, 19, 7.75, 0.983, 0.139],
				["SaBook48_50_2b", 3816, 19, 7.75, 0.983, 0.183],
				["SaBook48_50_2c", 3817, 19, 7.75, 0.983, 0.186],
				["SaBook48_50_6a", 3824, 19, 7.75, 0.95, 0.12],
				["SaBook48_50_6b", 3825, 19, 7.75, 0.95, 0.132],
				["SaBook48_50_6c", 3826, 19, 7.75, 0.95, 0.181],
				["SaBook48_53_5a", 3830, 19, 5.25, 0.95, -0.004],
				["SaBook48_53_5b", 3831, 19, 5.25, 0.95, -0.005],
				["SaBook48_53_5c", 3832, 19, 5.25, 0.95, -0.005],
				["SaBook48_8_3", 4012, 37, 5.7, 0.915, 0.373],
				["SaBook48_8_4", 4013, 37, 7.4, 0.915, 0.404],
				["SaBook48_8_5", 4014, 37, 5.6, 0.974, 0.326],
				["SaBook48_8_6", 4015, 37, 7.5, 0.974, 0.378],
				["SaBook48_83_2", 4029, 12, 6.5, 0.997, 0.106],
				["SaBook48_83_4", 4031, 12, 6.5, 0.967, 0.059],
				["SaBook48_86_33", 4034, 42, 6, 0.88, 0.166],
				["SaBook48_86_39", 4040, 42, 6.5, 0.915, 0.3],
				["SaBook48_87_33", 4052, 42, 6, 0.88, 0.161],
				["SaBook48_88_10", 4054, 19, 5.5, 0.88, -0.007],
				["SaBook48_90_18", 4064, 28, 5, 0.88, -0.292],
				["SaBook48_92_39", 4076, 42, 6.5, 0.915, 0.31]
			]
		},
		{
			"cons":200,
			"data":[
				["SaBook48_103_2", 3651, 19, 7, 0.915, 0.039],
				["SaBook48_103_6", 3655, 19, 8, 0.88, -0.005],
				["SaBook48_103_8", 3657, 19, 6.5, 0.88, -0.009999],
				["SaBook48_12_5", 3663, 28, 6.6, 0.947, 0.149],
				["SaBook48_147_02", 3676, 12, 7, 0.997, 0.04],
				["SaBook48_147_14", 3688, 19, 7, 0.983, 0.252],
				["SaBook48_147_25", 3699, 28, 7.5, 0.967, 0.527],
				["SaBook48_147_33", 3707, 37, 7.5, 0.88, 0.134],
				["SaBook48_23_5", 3732, 45, 6.6, 0.947, 0.179],
				["SaBook48_25_5", 3738, 45, 6.7, 0.947, 0.207],
				["SaBook48_4_5", 3774, 28, 6.8, 0.947, 0.451],
				["SaBook48_43_4a", 3789, 28, 6.5, 0.967, 0.454],
				["SaBook48_43_4b", 3790, 28, 6.5, 0.967, 0.477],
				["SaBook48_43_4c", 3791, 28, 6.5, 0.967, 0.488],
				["SaBook48_6_5", 3894, 28, 6.5, 0.947, 0.369],
				["SaBook48_81_2", 4019, 19, 7.5, 0.997, 0.286],
				["SaBook48_81_4", 4021, 19, 7.5, 0.974, 0.145],
				["SaBook48_81_6", 4023, 19, 7.5, 0.947, 0.084],
				["SaBook48_86_35", 4036, 42, 7.5, 0.88, -0.58],
				["SaBook48_86_37", 4038, 42, 8.5, 0.915, -0.071],
				["SaBook48_87_26", 4045, 37, 7, 0.88, 0.209],
				["SaBook48_88_2", 4055, 19, 7, 0.915, 0.038],
				["SaBook48_88_6", 4059, 19, 8, 0.88, -0.005],
				["SaBook48_88_8", 4061, 19, 6.5, 0.88, -0.009999],
				["SaBook48_90_22", 4068, 28, 7.5, 0.88, 0.051],
				["SaBook48_91_12", 4070, 12, 6.5, 0.997, 0.043],
				["SaBook48_91_14", 4072, 12, 7, 0.977, 0.011]
			]
		},
		{
			"cons":100,