{
	"name":"nitrite",
	"datasets":[
		{
			"cons":50,
			"data":[
				["B427_148", 15409, 7.5, 7, 0.997, 0.01108],
				["B427_151", 15412, 7.5, 6, 0.997, -0.002595],
				["B427_154", 15415, 7.5, 6.4, 0.986, -0.001876],
				["B427_155", 15416, 7.5, 6, 0.986, -0.0006558],
				["B427_156", 15417, 7.5, 6.9, 0.974, -0.002648],
				["B427_157", 15418, 10, 7, 0.997, 0.07847],
				["B427_160", 15421, 10, 5.5, 0.986, -0.00408],
				["B427_163", 15424, 10, 5.5, 0.974, -0.04674],
				["B427_164", 15425, 10, 6.9, 0.974, 0.05982],
				["B427_165", 15426, 10, 6.9, 0.997, 0.04911],
				["B427_171", 15432, 10, 6.4, 0.986, 0.03521],
				["B427_173", 15434, 10, 6, 0.997, 0.05036],
				["B427_174", 15435, 10, 5.9, 0.986, 0.008563],
				["B427_68", 15436, 20, 4, 0.997, 0.1563],
				["B427_89", 15437, 10, 5.6, 0.997, 0.01732],
				["M75_Ss", 28812, 27, 6, 0.987, 0.2773],
				["M76_Ss", 28813, 15, 6, 0.987, 0.04797]
			]
		},
		{
			"cons":100,
			"data":[
				["B427_149", 15410, 7.5, 6.9, 0.997, 0.01254],
				["B427_152", 15413, 7.5, 6.4, 0.997, -0.0004584],
				["B427_153", 15414, 7.5, 6.9, 0.986, 0.007668],
				["B427_158", 15419, 10, 7, 0.997, 0.07143],
				["B427_166", 15427, 10, 6.9, 0.997, 0.0423],
				["B427_169", 15430, 10, 6.4, 0.997, 0.0438],
				["B427_172", 15433, 10, 6.4, 0.986, 0.04009],
				["M135_Ss", 18931, 30, 6, 0.983, -0.1155],
				["M136_Ss", 18932, 30, 6, 0.983, -0.05991],
				["M137_Ss", 18933, 30, 6, 0.983, -0.1244],
				["M138_Ss", 18934, 30, 6, 0.983, -0.3747],
				["M139_Ss", 18935, 30, 6, 0.983, -0.06876]
			]
		}	
]
}
