{
	"name":"lactic_acid",
	"datasets":[
		{
			"cons":1800,
			"data":[
				["Tas2703", 38025, 21.5, 6.04, 0.98, 0.3781],
				["Tas2704", 38026, 21.5, 6.23, 0.98, 0.3947],
				["Tas2705", 38027, 21.5, 6.42, 0.98, 0.4259],
				["Tas2706", 38028, 21.4, 6.59, 0.98, 0.4996],
				["Tas2707", 38029, 21.4, 6.81, 0.98, 0.5116],
				["Tas2708", 38030, 21.3, 7, 0.98, 0.5487],
				["Tas2709", 38031, 21.3, 7.21, 0.98, 0.5659],
				["Tas2710", 38032, 21.3, 7.41, 0.98, 0.5645],
				["Tas2711", 38033, 21.3, 7.62, 0.98, 0.5504],
				["Tas2712", 38034, 21.2, 7.85, 0.98, 0.5721],
				["Tas2713", 38035, 21.1, 8.05, 0.98, 0.5831],
				["Tas2714", 38036, 21.2, 8.24, 0.98, 0.5809],
				["Tas2715", 38037, 21.1, 8.41, 0.98, 0.5814],
				["Tas2716", 38038, 21.1, 8.59, 0.98, 0.5739],
				["Tas2717", 38039, 21.1, 8.77, 0.98, 0.5693]
			]
		},
		{
			"cons":4500,
			"data":[
				["Tas2718", 38040, 20.9, 4.41, 0.98, -0.009999],
				["Tas2719", 38041, 20.9, 4.57, 0.98, -0.009999],
				["Tas2720", 38042, 20.8, 4.79, 0.98, -0.009999],
				["Tas2721", 38043, 20.8, 5.09, 0.98, -0.009999],
				["Tas2722", 38044, 20.8, 5.48, 0.98, -0.009999],
				["Tas2723", 38045, 20.8, 5.89, 0.98, -0.009999],
				["Tas2724", 38046, 20.7, 6.24, 0.98, 0.0493],
				["Tas2725", 38047, 20.7, 6.55, 0.98, 0.3558],
				["Tas2726", 38048, 20.7, 6.87, 0.98, 0.4911],
				["Tas2727", 38049, 20.7, 7.2, 0.98, 0.5694],
				["Tas2728", 38050, 20.7, 7.52, 0.98, 0.5905],
				["Tas2729", 38051, 20.7, 7.81, 0.98, 0.5946],
				["Tas2730", 38052, 20.7, 8.12, 0.98, 0.5974],
				["Tas2731", 38053, 20.6, 8.37, 0.98, 0.6035],
				["Tas2732", 38054, 20.6, 8.65, 0.98, 0.6122]
			]
		},
		{
			"cons":9000,
			"data":[
				["Tas2733", 38055, 21.4, 4.14, 0.98, -0.009999],
				["Tas2734", 38056, 21.3, 4.3, 0.98, -0.009999],
				["Tas2735", 38057, 21.3, 4.46, 0.98, -0.009999],
				["Tas2736", 38058, 21.3, 4.65, 0.98, -0.009999],
				["Tas2737", 38059, 21.3, 4.9, 0.98, -0.009999],
				["Tas2738", 38060, 21.2, 5.2, 0.98, -0.009999],
				["Tas2739", 38061, 21.2, 5.66, 0.98, 0.04643],
				["Tas2740", 38062, 21.2, 6.1, 0.98, 0.3359],
				["Tas2741", 38063, 21.1, 6.49, 0.98, 0.4684],
				["Tas2742", 38064, 21.1, 6.91, 0.98, 0.5417],
				["Tas2743", 38065, 21, 7.28, 0.98, 0.5647],
				["Tas2744", 38066, 21, 7.66, 0.98, 0.5731],
				["Tas2745", 38067, 21, 8.01, 0.98, 0.5742],
				["Tas2746", 38068, 20.9, 8.35, 0.98, 0.5801],
				["Tas2747", 38069, 20.9, 8.61, 0.98, 0.5915]
			]
		},
		{
			"cons":18000,
			"data":[
				["Tas2748", 38070, 21.1, 4.26, 0.98, -0.009999],
				["Tas2749", 38071, 21, 4.34, 0.98, -0.009999],
				["Tas2750", 38072, 21, 4.44, 0.98, -0.009999],
				["Tas2751", 38073, 21, 4.56, 0.98, -0.009999],
				["Tas2752", 38074, 20.9, 4.72, 0.98, -0.009999],
				["Tas2753", 38075, 20.9, 4.9, 0.98, -0.009999],
				["Tas2754", 38076, 20.9, 5.15, 0.98, -0.009999],
				["Tas2755", 38077, 20.9, 5.51, 0.98, -0.009999],
				["Tas2756", 38078, 20.9, 5.98, 0.98, -0.009999],
				["Tas2757", 38079, 20.8, 6.43, 0.98, 0.376],
				["Tas2758", 38080, 20.8, 6.89, 0.98, 0.4866],
				["Tas2759", 38081, 20.8, 7.35, 0.98, 0.5254],
				["Tas2760", 38082, 20.8, 7.76, 0.98, 0.4979],
				["Tas2761", 38083, 20.8, 8.1, 0.98, 0.5248],
				["Tas2762", 38084, 20.8, 8.39, 0.98, 0.5203]
			]
		}	
]
}
