{
	"name":"NaCl",
	"datasets":[
		{
			"cons":2,
			"data":[
				["CA_1167", 1197, -20, 7.2, 0.989, -0.1147],
				["CA_1168", 1198, -20, 7.2, 0.989, -0.1106],
				["CA_1169", 1199, -20, 7.2, 0.989, -0.04409],
				["CA_1170", 1200, -20, 7.2, 0.989, -0.115],
				["CA_1171", 1201, -20, 7.2, 0.989, -0.1134],
				["CA_1172", 1202, -20, 7.2, 0.989, -0.0931],
				["CA_1173", 1203, -20, 7.2, 0.989, -0.1177],
				["CA_1174", 1204, -20, 7.2, 0.989, -0.09665],
				["CA_1175", 1205, -20, 7.2, 0.989, -0.08487],
				["CA_1176", 1206, 47, 7.2, 0.989, -93.38],
				["CA_1177", 1207, 47, 7.2, 0.989, -124.2],
				["CA_1178", 1208, 47, 7.2, 0.989, -92],
				["CA_1179", 1209, 47, 7.2, 0.989, -90.16],
				["CA_1180", 1210, 47, 7.2, 0.989, -83.26],
				["CA_1181", 1211, 47, 7.2, 0.989, -138.3],
				["CA_1182", 1212, 47, 7.2, 0.989, -88.32],
				["CA_1183", 1213, 47, 7.2, 0.989, -140.3],
				["CA_1184", 1214, 47, 7.2, 0.989, -96.6],
				["CA_1185", 1215, 5, 7.2, 0.989, -0.09865],
				["CA_1186", 1216, 5, 7.2, 0.989, -0.09474],
				["CA_1187", 1217, 5, 7.2, 0.989, -0.08816],
				["CA_1188", 1218, 5, 7.2, 0.989, -0.09225],
				["CA_1189", 1219, 5, 7.2, 0.989, -0.08839],
				["CA_1190", 1220, 5, 7.2, 0.989, -0.08418]
			]
		},
		{
			"cons":3.5,
			"data":[
				["Tas2591", 37913, 3.2, 7.2, 0.98, -0.009999],
				["Tas2592", 37914, 6.5, 7.2, 0.98, -0.009999],
				["Tas2593", 37915, 8.3, 7.2, 0.98, 0.01324],
				["Tas2594", 37916, 9.9, 7.2, 0.98, 0.04699],
				["Tas2595", 37917, 11.8, 7.2, 0.98, 0.0705],
				["Tas2596", 37918, 14.4, 7.2, 0.98, 0.157],
				["Tas2597", 37919, 15.5, 7.2, 0.98, 0.1976],
				["Tas2598", 37920, 16.8, 7.2, 0.98, 0.2776],
				["Tas2599", 37921, 17.9, 7.2, 0.98, 0.3359],
				["Tas2600", 37922, 20.2, 7.2, 0.98, 0.4975],
				["Tas2601", 37923, 21.4, 7.2, 0.98, 0.5705],
				["Tas2602", 37924, 22.5, 7.2, 0.98, 0.663],
				["Tas2603", 37925, 23.8, 7.2, 0.98, 0.7482],
				["Tas2604", 37926, 26.2, 7.2, 0.98, 0.822],
				["Tas2605", 37927, 27.5, 7.2, 0.98, 1.072],
				["Tas2606", 37928, 28.8, 7.2, 0.98, 1.168],
				["Tas2607", 37929, 30.1, 7.2, 0.98, 1.292],
				["Tas2608", 37930, 33, 7.2, 0.98, 1.726],
				["Tas2609", 37931, 34.5, 7.2, 0.98, 1.865],
				["Tas2610", 37932, 36.4, 7.2, 0.98, 2.069],
				["Tas2611", 37933, 37.8, 7.2, 0.98, 2.336],
				["Tas2612", 37934, 39.7, 7.2, 0.98, 2.285],
				["Tas2613", 37935, 41.6, 7.2, 0.98, 2.189],
				["Tas2614", 37936, 44.2, 7.2, 0.98, 0.9042],
				["Tas2615", 37937, 46.2, 7.2, 0.98, -0.009999],
				["Tas2616", 37938, 8.6, 7.2, 0.98, -0.009999],
				["Tas2617", 37939, 9.8, 7.2, 0.98, 0.01972],
				["Tas2618", 37940, 11.1, 7.2, 0.98, 0.06726],
				["Tas2619", 37941, 12.6, 7.2, 0.98, 0.1118],
				["Tas2620", 37942, 13.7, 7.2, 0.98, 0.1488],
				["Tas2621", 37943, 15, 7.2, 0.98, 0.2285],
				["Tas2622", 37944, 16.5, 7.2, 0.98, 0.3399],
				["Tas2623", 37945, 17.6, 7.2, 0.98, 0.4054],
				["Tas2624", 37946, 18.9, 7.2, 0.98, 0.4618],
				["Tas2625", 37947, 20.2, 7.2, 0.98, 0.621],
				["Tas2626", 37948, 21.3, 7.2, 0.98, 0.6792],
				["Tas2627", 37949, 22.5, 7.2, 0.98, 0.7986],
				["Tas2628", 37950, 23.6, 7.2, 0.98, 0.8178],
				["Tas2629", 37951, 24.9, 7.2, 0.98, 0.9948],
				["Tas2630", 37952, 26.4, 7.2, 0.98, 1.093],
				["Tas2631", 37953, 27.5, 7.2, 0.98, 1.148],
				["Tas2632", 37954, 29, 7.2, 0.98, 1.297],
				["Tas2633", 37955, 30.3, 7.2, 0.98, 1.482],
				["Tas2634", 37956, 31.9, 7.2, 0.98, 1.655],
				["Tas2635", 37957, 33.4, 7.2, 0.98, 1.828],
				["Tas2636", 37958, 35, 7.2, 0.98, 1.744],
				["Tas2637", 37959, 36.7, 7.2, 0.98, 2.188],
				["Tas2638", 37960, 38.2, 7.2, 0.98, 2.272],
				["Tas2639", 37961, 40.2, 7.2, 0.98, 2.239],
				["Tas2640", 37962, 42.6, 7.2, 0.98, 1.765],
				["Tas2641", 37963, 45.3, 7.2, 0.98, 0.3865],
				["Tas2642", 37964, 47.5, 7.2, 0.98, -0.009999],
				["Tas2673", 37995, 20.5, 4.25, 0.98, -0.009999],
				["Tas2674", 37996, 20.4, 4.37, 0.98, -0.009999],
				["Tas2675", 37997, 20.5, 4.43, 0.98, -0.009999],
				["Tas2676", 37998, 20.4, 4.57, 0.98, -0.009999],
				["Tas2677", 37999, 20.5, 4.99, 0.98, 0.04076],
				["Tas2678", 38000, 20.5, 5.02, 0.98, 0.04159],
				["Tas2679", 38001, 20.6, 5.45, 0.98, 0.2287],
				["Tas2680", 38002, 20.5, 5.46, 0.98, 0.2371],
				["Tas2681", 38003, 20.6, 5.86, 0.98, 0.3036],
				["Tas2682", 38004, 20.6, 5.92, 0.98, 0.2994],
				["Tas2683", 38005, 20.6, 6.2, 0.98, 0.3452],
				["Tas2684", 38006, 20.7, 6.22, 0.98, 0.3077],
				["Tas2685", 38007, 20.7, 6.47, 0.98, 0.341],
				["Tas2686", 38008, 20.6, 6.5, 0.98, 0.366],
				["Tas2687", 38009, 20.7, 6.77, 0.98, 0.4076],
				["Tas2688", 38010, 20.8, 6.84, 0.98, 0.3785],
				["Tas2689", 38011, 20.7, 7.11, 0.98, 0.4117],
				["Tas2690", 38012, 20.8, 7.13, 0.98, 0.4076],
				["Tas2691", 38013, 20.8, 7.45, 0.98, 0.4575],
				["Tas2692", 38014, 20.9, 7.49, 0.98, 0.4159],
				["Tas2693", 38015, 20.8, 7.74, 0.98, 0.4575],
				["Tas2694", 38016, 20.9, 7.81, 0.98, 0.4575],
				["Tas2695", 38017, 20.9, 8.08, 0.98, 0.4575],
				["Tas2696", 38018, 20.9, 8.15, 0.98, 0.4575],
				["Tas2697", 38019, 20.9, 8.27, 0.98, 0.4991],
				["Tas2698", 38020, 21, 8.35, 0.98, 0.4991],
				["Tas2699", 38021, 20.9, 8.55, 0.98, 0.5407],
				["Tas2700", 38022, 21, 8.65, 0.98, 0.4991],
				["Tas2701", 38023, 21, 8.87, 0.98, 0.4991],
				["Tas2702", 38024, 21.1, 8.9, 0.98, 0.4991],
				["Tas2703", 38025, 21.5, 6.04, 0.98, 0.3781],
				["Tas2704", 38026, 21.5, 6.23, 0.98, 0.3947],
				["Tas2705", 38027, 21.5, 6.42, 0.98, 0.4259],
				["Tas2706", 38028, 21.4, 6.59, 0.98, 0.4996],
				["Tas2707", 38029, 21.4, 6.81, 0.98, 0.5116],
				["Tas2708", 38030, 21.3, 7, 0.98, 0.5487],
				["Tas2709", 38031, 21.3, 7.21, 0.98, 0.5659],
				["Tas2710", 38032, 21.3, 7.41, 0.98, 0.5645],
				["Tas2711", 38033, 21.3, 7.62, 0.98, 0.5504],
				["Tas2712", 38034, 21.2, 7.85, 0.98, 0.5721],
				["Tas2713", 38035, 21.1, 8.05, 0.98, 0.5831],
				["Tas2714", 38036, 21.2, 8.24, 0.98, 0.5809],
				["Tas2715", 38037, 21.1, 8.41, 0.98, 0.5814],
				["Tas2716", 38038, 21.1, 8.59, 0.98, 0.5739],
				["Tas2717", 38039, 21.1, 8.77, 0.98, 0.5693],
				["Tas2718", 38040, 20.9, 4.41, 0.98, -0.009999],
				["Tas2719", 38041, 20.9, 4.57, 0.98, -0.009999],
				["Tas2720", 38042, 20.8, 4.79, 0.98, -0.009999],
				["Tas2721", 38043, 20.8, 5.09, 0.98, -0.009999],
				["Tas2722", 38044, 20.8, 5.48, 0.98, -0.009999],
				["Tas2723", 38045, 20.8, 5.89, 0.98, -0.009999],
				["Tas2724", 38046, 20.7, 6.24, 0.98, 0.0493],
				["Tas2725", 38047, 20.7, 6.55, 0.98, 0.3558],
				["Tas2726", 38048, 20.7, 6.87, 0.98, 0.4911],
				["Tas2727", 38049, 20.7, 7.2, 0.98, 0.5694],
				["Tas2728", 38050, 20.7, 7.52, 0.98, 0.5905],
				["Tas2729", 38051, 20.7, 7.81, 0.98, 0.5946],
				["Tas2730", 38052, 20.7, 8.12, 0.98, 0.5974],
				["Tas2731", 38053, 20.6, 8.37, 0.98, 0.6035],
				["Tas2732", 38054, 20.6, 8.65, 0.98, 0.6122],
				["Tas2733", 38055, 21.4, 4.14, 0.98, -0.009999],
				["Tas2734", 38056, 21.3, 4.3, 0.98, -0.009999],
				["Tas2735", 38057, 21.3, 4.46, 0.98, -0.009999],
				["Tas2736", 38058, 21.3, 4.65, 0.98, -0.009999],
				["Tas2737", 38059, 21.3, 4.9, 0.98, -0.009999],
				["Tas2738", 38060, 21.2, 5.2, 0.98, -0.009999],
				["Tas2739", 38061, 21.2, 5.66, 0.98, 0.04643],
				["Tas2740", 38062, 21.2, 6.1, 0.98, 0.3359],
				["Tas2741", 38063, 21.1, 6.49, 0.98, 0.4684],
				["Tas2742", 38064, 21.1, 6.91, 0.98, 0.5417],
				["Tas2743", 38065, 21, 7.28, 0.98, 0.5647],
				["Tas2744", 38066, 21, 7.66, 0.98, 0.5731],
				["Tas2745", 38067, 21, 8.01, 0.98, 0.5742],
				["Tas2746", 38068, 20.9, 8.35, 0.98, 0.5801],
				["Tas2747", 38069, 20.9, 8.61, 0.98, 0.5915],
				["Tas2748", 38070, 21.1, 4.26, 0.98, -0.009999],
				["Tas2749", 38071, 21, 4.34, 0.98, -0.009999],
				["Tas2750", 38072, 21, 4.44, 0.98, -0.009999],
				["Tas2751", 38073, 21, 4.56, 0.98, -0.009999],
				["Tas2752", 38074, 20.9, 4.72, 0.98, -0.009999],
				["Tas2753", 38075, 20.9, 4.9, 0.98, -0.009999],
				["Tas2754", 38076, 20.9, 5.15, 0.98, -0.009999],
				["Tas2755", 38077, 20.9, 5.51, 0.98, -0.009999],
