{
	"name":"nitrite",
	"datasets":[
		{
			"cons":200,
			"data":[
				["Gom_Y12", 1963, 5, 7.5, 0.997, 0.1111],
				["Gom_Y19", 1970, 12, 6.5, 0.997, 0.2699],
				["Gom_Y20", 1972, 12, 6.5, 0.98, 0.1191],
				["Gom_Y22", 1974, 12, 7.5, 0.971, 0.09052],
				["Gom_Y27", 1979, 19, 5.5, 0.997, 0.4971],
				["Gom_Y31", 1984, 19, 7.5, 0.997, 0.5803],
				["Gom_Y33", 1986, 19, 7.5, 0.971, 0.3583],
				["Gom_Y54", 1998, 37, 5.5, 0.997, 0.6114],
				["Gom_Y58", 2001, 37, 5.5, 0.971, 1.028],
				["Gom_Y63", 2004, 37, 8.5, 0.971, -0.009999],
				["Gom_Y73", 2011, 42, 7.5, 0.989, -0.009999],
				["Gom_Y74", 2012, 42, 7.5, 0.971, -0.009999],
				["Gom_Y76", 2014, 42, 8.5, 0.971, -0.009999],
				["Y41_A", 2027, 28, 6.5, 0.997, 0.8013],
				["Y41_B", 2028, 28, 6.5, 0.997, 0.8225],
				["Y41_C", 2029, 28, 6.5, 0.997, 0.8246],
				["Y41A_A", 2030, 28, 6.5, 0.997, 0.8902],
				["Y41A_B", 2031, 28, 6.5, 0.997, 1.284],
				["Y41A_C", 2032, 28, 6.5, 0.997, 0.9606],
				["Y45_A", 2042, 28, 6.5, 0.971, 0.3937],
				["Y45_B", 2043, 28, 6.5, 0.971, 0.4386],
				["Y45_C", 2044, 28, 6.5, 0.971, 0.4011],
				["Y48_A", 2054, 28, 8.5, 0.997, 1.755],
				["Y48_B", 2055, 28, 8.5, 0.997, 1.736],
				["Y48_C", 2056, 28, 8.5, 0.997, 2.123],
				["Y50_A", 2060, 28, 8.5, 0.98, 0.95],
				["Y50_B", 2061, 28, 8.5, 0.98, 0.7417],
				["Y50_C", 2062, 28, 8.5, 0.98, 0.7094],
				["Y70_A", 2081, 42, 8.5, 0.971, 1.106],
				["Y70_B", 2082, 42, 8.5, 0.971, 1.059],
				["Y70_C", 2083, 42, 8.5, 0.971, 1.098]
			]
		},
		{
			"cons":50,
			"data":[
				["Gom_Y16", 1967, 12, 4.5, 0.997, 0.1436],
				["Gom_Y24", 1976, 19, 5.5, 0.997, 0.5336],
				["Gom_Y4", 1987, 5, 5.5, 0.997, 0.07038],
				["Gom_Y5", 1988, 5, 5.5, 0.989, 0.05037],
				["Gom_Y35", 1994, 28, 4.5, 0.997, -0.009999],
				["Gom_Y36", 1995, 28, 4.5, 0.989, -0.009999],
				["Gom_Y67", 2007, 42, 5.5, 0.989, -0.009999],
				["Gom_Y68", 2008, 42, 5.5, 0.971, -0.009999],
				["Y46_A", 2045, 28, 7.5, 0.98, 0.289],
				["Y46_B", 2046, 28, 7.5, 0.98, 0.2745],
				["Y46_C", 2047, 28, 7.5, 0.98, 0.2749],
				["Y46A_A", 2048, 28, 7.5, 0.98, 0.1952],
				["Y46A_B", 2049, 28, 7.5, 0.98, 0.3327],
				["Y46A_C", 2050, 28, 7.5, 0.98, 0.1586]
			]
		}	
]
}
